"sample_id","well_id","AUC_death","time_of_max_death","max_death","time_of_min_death","min_death","time_of_max_rate_death","max_rate_death","doubling_time_death","end_point_death","end_point_timepoint_death","experiment","well","well_row","well_col","cell_number","plate","replicate","strain_group","sd","outlier_sd","outlier_mad","outlier_tukey","proportion_outlier_sd","proportion_outlier_mad","proportion_outlier_tukey","outlier_curve","ST","mecA","mortality","intrahost_index","included","unrelated_to_index","mut_count","scv","vanco_difference","persister_type","intrahost_sampledelay","sample_type","genes"
"BPH2700","exp191115_1_A03",173.496429917556,1122,1.62359307207094,138,0.0119059021987733,459,0.00324400228567003,213.9747595609,1.62329792019724,1152,"exp191115","A03","A",7,40000,"1",2,"VAN-001",0.038666743923165,FALSE,FALSE,FALSE,0,0,0,FALSE,"78",1,"Survived",1,FALSE,NA,NA,FALSE,0,NA,NA,"index",NA
"BPH2701","exp191115_1_C10",21.6161158739369,1152,0.30142346192298,201,0.00872529168255643,1152,0.00048965475813621,1416.60889082329,0.30142346192298,1152,"exp191115","C10","C",9,40000,"1",2,"VAN-001",0.0468254517490918,FALSE,FALSE,FALSE,0,0,0,FALSE,"22",1,NA,0,FALSE,1,NA,FALSE,0,NA,1,"paired-colonising",NA
"BPH2702","exp191115_1_B02",29.6228879279991,1152,0.295395215276231,168,-0.0337590365905411,366,0.000839203511438253,832.14386542803,0.295395215276231,1152,"exp191115","B02","B",3,40000,"1",2,"VAN-002",0.0520143897564365,FALSE,FALSE,FALSE,0,0,0,FALSE,"15",0,"Survived",NA,NA,NA,NA,NA,NA,NA,NA,NA,NA
"BPH2703","exp191115_1_E08",47.7459106355954,1152,0.817630476432413,204,-0.063869119509702,729,0.00150745720039152,462.255379923875,0.817630476432413,1152,"exp191115","E08","E",8,40000,"1",2,"VAN-003",0.0325245087141762,FALSE,FALSE,FALSE,0,0,0,FALSE,"8",0,"Survived",NA,NA,NA,NA,NA,NA,NA,NA,NA,NA
"BPH2704","exp191115_1_A07",82.0634507948523,1152,0.873675019099952,168,-0.0136198694555907,492,0.0016728381759456,414.36381066834,0.873675019099952,1152,"exp191115","A07","A",7,40000,"1",2,"VAN-004",0.0569460748564595,FALSE,FALSE,FALSE,0,0,0,FALSE,"93",1,"Survived",1,TRUE,NA,NA,FALSE,0,NA,NA,"index",NA
"BPH2705","exp191115_1_D09",123.836462044606,948,1.15412850966997,156,-0.0681809072008212,447,0.00302409595683115,229.577201918131,1.11461420356548,1152,"exp191115","D09","D",9,40000,"1",2,"VAN-004",0.0632171453236028,FALSE,FALSE,FALSE,0,0,0,FALSE,"93",1,NA,0,TRUE,0,0,FALSE,0,"Persistent",10,"paired-invasive",NA
"BPH2706","exp191115_1_A11",98.0438992908123,1152,1.03124768391418,198,0.0392008393020821,546,0.00163187970448067,425.426781879613,1.03124768391418,1152,"exp191115","A11","A",8.5,40000,"1",2.5,"VAN-005",0.0846276462867674,FALSE,FALSE,FALSE,0,0,0,FALSE,"508",0,"Survived",NA,NA,NA,NA,NA,NA,NA,NA,NA,NA
"BPH2707","exp191115_1_D04",96.0382044619385,909,0.953909630486747,186,-0.0314936755066444,537,0.00256923125965605,272.471954278131,0.870619498018405,1152,"exp191115","D04","D",4,40000,"1",2,"VAN-006",0.0122365491191938,FALSE,FALSE,FALSE,0,0,0,FALSE,"8",0,"Survived",NA,NA,NA,NA,NA,NA,NA,NA,NA,NA
"BPH2708","exp191115_1_C07",69.5391660537055,1152,0.828967396783264,186,-0.0644983835649108,528,0.00186515636941193,371.629527651073,0.828967396783264,1152,"exp191115","C07","C",7,40000,"1",2,"VAN-007",0.0416980707623124,FALSE,FALSE,FALSE,0,0,0,FALSE,"97",0,"Survived",1,TRUE,NA,NA,FALSE,0,NA,NA,"index",NA
"BPH2709","exp191115_1_C02",81.1895053757801,1152,0.892937898848028,204,-0.060916212774972,522,0.0021677263172828,319.757699592258,0.892937898848028,1152,"exp191115","C02","C",2,40000,"1",2,"VAN-007",0.0545911108411964,FALSE,FALSE,FALSE,0,0,0,FALSE,"97",0,NA,0,TRUE,0,0,FALSE,0.5,"Persistent",5,"paired-invasive",NA
"BPH2710","exp191115_1_B08",-2.61106110906451,1152,0.0849673292371672,222,-0.0510543427269028,876,0.000226110853406171,3096.16232561521,0.0687873575059482,1152,"exp191115","B08","B",7,40000,"1",2,"VAN-008",0.0187321751750264,FALSE,FALSE,FALSE,0,0,0,FALSE,"239",1,"Died",NA,NA,NA,NA,NA,NA,NA,NA,NA,NA
"BPH2711","exp191115_1_A04",21.7397660988108,1152,0.268816956878449,237,0.00575917500322314,765,0.000330114674525159,2099.90036146721,0.268816956878449,1152,"exp191115","A04","A",9,40000,"1",2,"VAN-009",0.0643919185933354,FALSE,FALSE,FALSE,0,0,0,FALSE,"22",0,"Died",NA,NA,NA,NA,NA,NA,NA,NA,NA,NA
"BPH2712","exp191115_1_A02",91.1378222205464,1152,0.945649862257097,138,0.0392783688975074,408,0.00136163810596365,530.6550494002,0.938715584277071,1152,"exp191115","A02","A",4,40000,"1",2,"VAN-010",0.0396787365704699,FALSE,FALSE,FALSE,0,0,0,FALSE,"15",0,"Survived",NA,NA,NA,NA,NA,NA,NA,NA,NA,NA
"BPH2713","exp191115_1_B11",66.4119424717105,792,0.603334002430294,150,-0.0611882423088181,402,0.00194414923041393,360.831053934943,0.528770606665467,1152,"exp191115","B11","B",5,40000,"1",2,"VAN-011",0.034466690780152,FALSE,FALSE,FALSE,0,0,0,FALSE,"45",0,"Survived",NA,NA,NA,NA,NA,NA,NA,NA,NA,NA
"BPH2714","exp191115_1_A06",76.2848297386721,942,0.649586852218569,141,-0.00682686188390822,372,0.00177771306344314,390.023721918682,0.640949130087856,1152,"exp191115","A06","A",7,40000,"1",2,"VAN-011",0.069460387898796,FALSE,FALSE,FALSE,0,0,0,FALSE,"45",0,NA,NA,NA,NA,NA,NA,NA,NA,NA,NA,NA
"BPH2715","exp191115_1_F03",76.6771308896862,1152,0.998257224892394,186,-0.0640566026541578,666,0.00153338144515317,452.04284164593,0.998257224892394,1152,"exp191115","F03","F",6,40000,"1",2,"VAN-012",0.0265642719970833,FALSE,FALSE,FALSE,0,0,0,FALSE,"5",0,"Survived",NA,NA,NA,NA,NA,NA,NA,NA,NA,NA
"BPH2716","exp191115_1_A10",131.848437286724,1152,1.36288942433159,126,-0.0172188017929874,381,0.0021162949467674,329.091691177521,1.36288942433159,1152,"exp191115","A10","A",10,40000,"1",2,"VAN-013",0.110954400379146,FALSE,FALSE,FALSE,0,0,0,FALSE,"5",1,"Survived",NA,NA,NA,NA,NA,NA,NA,NA,NA,NA
"BPH2717","exp191115_1_A12",130.20138371634,1074,1.20242002198118,165,-0.0167629085320475,465,0.00273827729504981,253.825863315724,1.19805602890873,1152,"exp191115","A12","A",11,40000,"1",2,"VAN-014",0.0521736944335572,FALSE,FALSE,FALSE,0,0,0,FALSE,"45",0,"Survived",NA,NA,NA,NA,NA,NA,NA,NA,NA,NA
"BPH2718","exp191115_1_C08",39.6107504204997,1152,0.78870093745319,189,-0.0626285567113656,918,0.0013412497177603,518.154094446845,0.78870093745319,1152,"exp191115","C08","C",9,40000,"1",2,"VAN-015",0.0699263699423059,FALSE,FALSE,FALSE,0,0,0,FALSE,"239",1,"Survived",NA,NA,NA,NA,NA,NA,NA,NA,NA,NA
"BPH2719","exp191115_1_A09",91.9823321686411,1152,1.10265858589966,168,0.0133466241169617,534,0.00157404240628272,440.361185818933,1.10265858589966,1152,"exp191115","A09","A",9,40000,"1",2,"VAN-016",0.0392734459895382,FALSE,FALSE,FALSE,0,0,0,FALSE,"5",0,"Survived",NA,NA,NA,NA,NA,NA,NA,NA,NA,NA
"BPH2720","exp191115_1_E03",28.3061196834904,1152,0.299793418372145,156,-0.0109280179315662,318,0.00049401763980598,1403.10398117509,0.299793418372145,1152,"exp191115","E03","E",3,40000,"1",2,"VAN-017",0.0298667298325626,FALSE,FALSE,FALSE,0,0,0,FALSE,"22",1,"Survived",NA,NA,NA,NA,NA,NA,NA,NA,NA,NA
"BPH2721","exp191115_1_C06",94.8442173473985,1131,1.00836517410932,171,-0.0084604753377466,585,0.00205249052062373,340.454165539241,1.00766479732444,1152,"exp191115","C06","C",6,40000,"1",2,"VAN-018",0.0367891247044492,FALSE,FALSE,FALSE,0,0,0,FALSE,"8",0,"Died",NA,NA,NA,NA,NA,NA,NA,NA,NA,NA
"BPH2722","exp191115_1_C03",22.6088795728924,1152,0.331453734086549,213,-0.00438793326492445,1047,0.000478870573995149,1454.03935567475,0.331453734086549,1152,"exp191115","C03","C",3.5,40000,"1",2,"VAN-019",0.0310092796828126,FALSE,FALSE,FALSE,0,0,0,FALSE,"188",0,"Survived",NA,NA,NA,NA,NA,NA,NA,NA,NA,NA
"BPH2723","exp191115_1_B10",3.74496614884909,423,0.0753894985119911,189,-0.0267678217158197,591,0.000271601892080193,2600.94641706587,0.0484666489794055,1152,"exp191115","B10","B",10,40000,"1",2,"VAN-020",0.0300619432443366,FALSE,FALSE,FALSE,0,0,0,FALSE,"239",1,"Survived",NA,NA,NA,NA,NA,NA,NA,NA,NA,NA
"BPH2724","exp191115_1_B01",40.683175791769,1152,0.296007562971377,129,0.0549074773374265,297,0.000707030512163069,980.39884764206,0.293507545368801,1152,"exp191115","B01","B",3,40000,"1",2,"VAN-021",0.063828460030555,FALSE,FALSE,FALSE,0,0,0,FALSE,"-",0,"Survived",NA,NA,NA,NA,NA,NA,NA,NA,NA,NA
"BPH2725","exp191115_1_B05",96.189224802969,1152,0.806586948363221,114,0.021898683706642,366,0.00209970192957719,330.116942217376,0.806586948363221,1152,"exp191115","B05","B",2,40000,"1",2,"VAN-022",0.0376675985553351,FALSE,FALSE,FALSE,0,0,0,FALSE,"45",0,"Survived",NA,NA,NA,NA,NA,NA,NA,NA,NA,NA
"BPH2726","exp191115_1_F05",18.5766727801541,1152,0.404664831671796,234,-0.0586710721515004,738,0.000856500920266226,809.277800127167,0.404664831671796,1152,"exp191115","F05","F",6,40000,"1",2,"VAN-023",0.0371323416776692,FALSE,FALSE,FALSE,0,0,0,FALSE,"239",0,"Survived",1,TRUE,NA,NA,FALSE,0,NA,NA,"index",NA
"BPH2727","exp191115_1_A08",40.4904067389162,1152,0.622909411656764,198,-0.0251535698770902,639,0.00115305430756949,601.151846426757,0.622909411656764,1152,"exp191115","A08","A",8,40000,"1",2,"VAN-023",0.0710521969092665,FALSE,FALSE,FALSE,0,0,0,FALSE,"239",0,NA,0,TRUE,0,16,FALSE,0.5,NA,0,"paired-colonising","pglF / AAA-like domain protein / ebh_1 / norB_6 / tatC2 / yhfS / hypothetical protein"
"BPH2728","exp190831_2_A03",117.179846675437,726,1.15193725422153,156,-0.0387505539459603,444,0.00425109696150306,163.051369290544,0.925616412153239,1152,"exp190831","A03","A",7,40000,"2",2,"VAN-024",0.0663974414224687,FALSE,FALSE,FALSE,0,0,0,FALSE,"45",1,"Survived",1,TRUE,NA,NA,FALSE,0,NA,NA,"index",NA
"BPH2729","exp190831_2_C10",15.3741163979634,1152,0.246300021255839,180,-0.045068971153296,612,0.000638939143764392,1084.84068838885,0.217605503855418,1152,"exp190831","C10","C",9,40000,"2",2,"VAN-024",0.0703282851623391,FALSE,FALSE,FALSE,0,0,0,FALSE,"45",1,NA,0,TRUE,0,5,TRUE,1.25,"Relapse (after treatment)",38,"paired-invasive","ptsG_3 / rpoB / rplV / rplD"
"BPH2730","exp190831_2_B02",140.114506697605,720,1.21419132841749,162,-0.00523681514029262,444,0.00425994722483158,162.712621536608,1.02511664418886,1152,"exp190831","B02","B",3,40000,"2",2,"VAN-024",0.058762206521503,FALSE,FALSE,FALSE,0,0,0,FALSE,"45",1,NA,0,TRUE,0,0,FALSE,0.75,NA,-13,"paired-colonising",NA
"BPH2731","exp190831_2_E08",17.1736400352912,1152,0.19224815874877,171,-0.0442484717142237,354,0.000700154121864918,990.75600568595,0.19224815874877,1152,"exp190831","E08","E",8,40000,"2",2,"VAN-025",0.0755868907376801,FALSE,FALSE,FALSE,0,0,0,FALSE,"-",0,"Survived",NA,NA,NA,NA,NA,NA,NA,NA,NA,NA
"BPH2732","exp190831_2_A07",177.570527506212,612,1.44072887955266,51,-0.0337540966707,321,0.00542396546361076,128.848756103297,1.03997249408559,1152,"exp190831","A07","A",7,40000,"2",2,"VAN-026",0.0768028001631547,FALSE,FALSE,FALSE,0,0,0,FALSE,"45",0,"Survived",1,TRUE,NA,NA,FALSE,0,NA,NA,"index",NA
"BPH2733","exp190831_2_D09",183.654710898684,549,1.5356188079488,57,-0.0763434932973842,303,0.00626054131132912,110.729693375707,0.920295683865467,1152,"exp190831","D09","D",9,40000,"2",2,"VAN-026",0.0448676417695257,FALSE,FALSE,FALSE,0,0,0,FALSE,"45",0,NA,0,TRUE,0,0,FALSE,0,"Relapse (on treatment)",4,"paired-invasive",NA
"BPH2734","exp190831_2_A11",6.656702110372,1152,0.0971186527381007,144,-0.0102345773499475,330,0.00021977901590789,3162.71450019193,0.0971186527381007,1152,"exp190831","A11","A",6,40000,"2",2,"VAN-026",0.0851166204572163,FALSE,FALSE,FALSE,0,0,0,FALSE,"34",0,NA,0,FALSE,1,NA,FALSE,0,NA,-58,"paired-colonising",NA
"BPH2735","exp190831_2_D04",49.3555313113759,1068,0.555422691218554,144,-0.0383077042521969,636,0.000991617836970375,699.007548156526,0.525293986072122,1152,"exp190831","D04","D",4,40000,"2",2,"VAN-027",0.084295194940232,FALSE,FALSE,FALSE,0,0,0,FALSE,"22",1,"Died",NA,NA,NA,NA,NA,NA,NA,NA,NA,NA
"BPH2736","exp190831_2_C07",60.3046804656447,579,0.467622369799115,114,-0.0384182267876607,294,0.00213179178605361,325.758311331734,0.396847778409107,1152,"exp190831","C07","C",7,40000,"2",2,"VAN-028",0.0732069853408199,FALSE,FALSE,FALSE,0,0,0,FALSE,"45",0,"Survived",NA,NA,NA,NA,NA,NA,NA,NA,NA,NA
"BPH2737","exp190831_2_C02",10.1513160361488,1152,0.0998652955075015,132,0.00204017706832308,252,0.000211821403642223,3272.37926765904,0.0998652955075015,1152,"exp190831","C02","C",2,40000,"2",2,"VAN-029",0.0776787833766327,FALSE,FALSE,FALSE,0,0,0,FALSE,"-",0,"Survived",1,TRUE,NA,NA,FALSE,0,NA,NA,"index",NA
"BPH2738","exp190831_2_B08",3.63532467418491,576,0.0741327574828947,174,-0.0217828772433579,372,0.000167285511039617,4188.37261694178,0.0571289228229096,1152,"exp190831","B08","B",7,40000,"2",2,"VAN-029",0.0675128157148898,FALSE,FALSE,FALSE,0,0,0,FALSE,"-",0,NA,0,TRUE,0,1,TRUE,0.5,"Relapse (after treatment)",18,"paired-invasive","stp"
"BPH2739","exp190831_2_A04",19.8287337986641,1050,0.184392765494574,138,-0.0442318947295497,288,0.000490178093905151,1414.38079636073,0.176291054460183,1152,"exp190831","A04","A",9,40000,"2",2,"VAN-030",0.0777998072922739,FALSE,FALSE,FALSE,0,0,0,FALSE,"-",0,"Survived",1,FALSE,NA,NA,FALSE,0,NA,NA,"index",NA
"BPH2740","exp190831_2_A02",77.7718003987415,1152,0.830426049456334,126,-0.0210069163115164,330,0.0017020916307775,407.243754974721,0.830426049456334,1152,"exp190831","A02","A",4,40000,"2",2,"VAN-030",0.0791393116229044,FALSE,FALSE,FALSE,0,0,0,FALSE,"12",0,NA,0,FALSE,1,NA,FALSE,0.75,"Relapse (after treatment)",558,"paired-invasive",NA
"BPH2741","exp190831_2_B11",97.4155730055906,1152,1.16174968371105,117,-0.030665529193027,429,0.00148163529766139,469.168145619033,1.16174968371105,1152,"exp190831","B11","B",5,40000,"2",2,"VAN-031",0.0666825093219526,FALSE,FALSE,FALSE,0,0,0,FALSE,"109",0,"Survived",NA,NA,NA,NA,NA,NA,NA,NA,NA,NA
"BPH2742","exp190831_2_A06",18.1069460189535,1152,0.173668297473708,153,-0.0270776831610228,333,0.000462916926328575,1727.95151536711,0.16431181984738,1152,"exp190831","A06","A",7,40000,"2",2,"VAN-032",0.0666600147833397,FALSE,FALSE,FALSE,0,0,0,FALSE,"22",1,"Survived",NA,NA,NA,NA,NA,NA,NA,NA,NA,NA
"BPH2743","exp190831_2_F03",122.560897327851,1152,1.14340816975298,96,-0.0293888384684997,372,0.00257188645501541,363.203594273009,1.14340816975298,1152,"exp190831","F03","F",6,40000,"2",2,"VAN-033",0.0547535493820825,FALSE,FALSE,FALSE,0,0,0,FALSE,"5",0,"Survived",NA,NA,NA,NA,NA,NA,NA,NA,NA,NA
"BPH2744","exp190831_2_F10",104.830062464214,798,0.872093164858286,126,-0.0427945819298959,396,0.00232671132367005,297.908543061803,0.766352156246015,1152,"exp190831","F10","F",10,40000,"2",2,"VAN-034",0.0747178329364383,FALSE,FALSE,FALSE,0,0,0,FALSE,"-",0,"Survived",NA,NA,NA,NA,NA,NA,NA,NA,NA,NA
"BPH2745","exp190831_2_A12",61.5742911069173,1152,0.616658459537235,96,-0.0265441136263185,264,0.00102895600900384,691.852423755063,0.616658459537235,1152,"exp190831","A12","A",11,40000,"2",2,"VAN-035",0.0970398963048853,FALSE,FALSE,FALSE,0,0,0,FALSE,"72",0,"Survived",NA,NA,NA,NA,NA,NA,NA,NA,NA,NA
"BPH2746","exp190831_2_C08",97.3621242475902,984,0.922547854564459,84,-0.0490501082041545,318,0.00225600255319062,307.245742953456,0.922547854564459,1152,"exp190831","C08","C",9,40000,"2",2,"VAN-037",0.0863885636038672,FALSE,FALSE,FALSE,0,0,0,FALSE,"8",0,"Survived",NA,NA,NA,NA,NA,NA,NA,NA,NA,NA
"BPH2747","exp190831_2_A09",46.9307999012752,1152,0.745443767397916,162,-0.0383186376499175,837,0.00135772608012674,511.735149782564,0.745443767397916,1152,"exp190831","A09","A",9,40000,"2",2,"VAN-038",0.067418175070995,FALSE,FALSE,FALSE,0,0,0,FALSE,"239",1,"Survived",1,TRUE,NA,NA,FALSE,0,NA,NA,"index",NA
"BPH2748","exp190831_2_E03",57.0733915185217,1152,0.766727519072237,156,0.0108767366131689,792,0.00145763734831619,475.527867998611,0.766727519072237,1152,"exp190831","E03","E",3,40000,"2",2,"VAN-038",0.0548505928648214,FALSE,FALSE,FALSE,0,0,0,FALSE,"239",1,NA,0,TRUE,0,2,FALSE,0,NA,8,"paired-colonising",NA
"BPH2749","exp190831_2_C06",168.224672745328,705,1.52947572865928,141,-0.0346835133283287,417,0.0052083703014237,136.113704581684,1.06446744073196,1152,"exp190831","C06","C",6,40000,"2",2,"VAN-039",0.0548288164751105,FALSE,FALSE,FALSE,0,0,0,FALSE,"20",0,"Survived",NA,NA,NA,NA,NA,NA,NA,NA,NA,NA
"BPH2750","exp190831_2_A01",57.2390100436137,1152,0.609455800265318,138,-0.00258952701312933,642,0.000949171077295734,730.265804700643,0.609455800265318,1152,"exp190831","A01","A",3,40000,"2",2,"VAN-040",0.095750527812798,FALSE,FALSE,FALSE,0,0,0,FALSE,"39",0,"Died",1,TRUE,NA,NA,FALSE,0,NA,NA,"index",NA
"BPH2751","exp190831_2_B10",94.7151209347046,1095,0.959979696967618,114,-0.0291914023450925,546,0.00177726036954298,454.555329703032,0.762275607115622,1152,"exp190831","B10","B",10,40000,"2",2,"VAN-040",0.0877354872449528,FALSE,FALSE,FALSE,0,0,0,FALSE,"39",0,NA,0,TRUE,0,1,FALSE,0.5,"Relapse (on treatment)",4,"paired-invasive","prfA"
"BPH2752","exp190831_2_B01",93.5225199608621,906,0.782187070670557,120,-0.00420367236690504,426,0.00167582808070242,413.614730855574,0.76654469339149,1152,"exp190831","B01","B",3,40000,"2",2,"VAN-041",0.0679702017814855,FALSE,FALSE,FALSE,0,0,0,FALSE,"30",0,"Survived",NA,NA,NA,NA,NA,NA,NA,NA,NA,NA
"BPH2753","exp190831_2_B05",120.187494441846,1152,1.8034839071563,117,-0.0137849089972595,819,0.00290433085875794,238.706724030012,1.8034839071563,1152,"exp190831","B05","B",2,40000,"2",2,"VAN-042",0.0660611754450823,FALSE,FALSE,FALSE,0,0,0,FALSE,"121",0,"Survived",NA,NA,NA,NA,NA,NA,NA,NA,NA,NA
"BPH2754","exp190831_2_F05",151.051436166459,1113,1.19875082548492,57,-0.0558340260212727,327,0.00353618038001317,285.267978298638,1.18636530781197,1152,"exp190831","F05","F",5,40000,"2",2,"VAN-043",0.0441108501594799,FALSE,FALSE,FALSE,0,0,0,FALSE,"5",0,"Survived",1,TRUE,NA,NA,FALSE,0,NA,NA,"index",NA
"BPH2755","exp190831_2_A08",139.244825904665,1152,1.29204522180857,42,-0.0269239881112987,330,0.00257028287654902,280.316293093503,1.29204522180857,1152,"exp190831","A08","A",8,40000,"2",2,"VAN-043",0.0816636868366674,FALSE,FALSE,FALSE,0,0,0,FALSE,"-",0,NA,0,TRUE,0,0,FALSE,-0.25,"Persistent",3,"paired-invasive",NA
"BPH2756","exp191109_3_A03",135.190726445268,1152,1.34147686068006,99,-0.0429539575801678,354,0.00239122143728647,289.959677403597,1.34147686068006,1152,"exp191109","A03","A",7,40000,"3",2,"VAN-044",0.0166626395332425,FALSE,FALSE,FALSE,0,0,0,FALSE,"567",0,"Survived",NA,NA,NA,NA,NA,NA,NA,NA,NA,NA
"BPH2757","exp191109_3_C10",116.108467126533,1152,1.26325476323068,117,-0.0411155087762966,360,0.00209515228303888,336.765693482456,1.26325476323068,1152,"exp191109","C10","C",9,40000,"3",2,"VAN-045",0.0501248933229156,FALSE,FALSE,FALSE,0,0,0,FALSE,"5",0,"Survived",NA,NA,NA,NA,NA,NA,NA,NA,NA,NA
"BPH2758","exp191109_3_B02",44.6523015047193,1152,0.661709242273594,171,-0.0367504776859716,810,0.000994029700131054,698.7052271881,0.661709242273594,1152,"exp191109","B02","B",3,40000,"3",2,"VAN-046",0.094158196941325,FALSE,FALSE,FALSE,0,0,0,FALSE,"5",0,"Died",NA,NA,NA,NA,NA,NA,NA,NA,NA,NA
"BPH2759","exp191109_3_E08",138.082492483855,1026,1.36337420446262,126,-0.0707878153789195,498,0.00320313721260257,216.491660381799,1.34423419813304,1152,"exp191109","E08","E",8,40000,"3",1.5,"VAN-047",0.0365277050312893,FALSE,FALSE,FALSE,0,0,0,FALSE,"30",0,"Survived",NA,NA,NA,NA,NA,NA,NA,NA,NA,NA
"BPH2760","exp191109_3_A07",93.229370634001,1035,0.689452400343891,60,-0.0166253157641764,279,0.00221463833260445,314.494806386275,0.685828888012354,1152,"exp191109","A07","A",7,40000,"3",2,"VAN-048",0.0425128917646069,FALSE,FALSE,FALSE,0,0,0,FALSE,"1",0,"Survived",NA,NA,NA,NA,NA,NA,NA,NA,NA,NA
"BPH2761","exp191109_3_D09",42.2746957925922,1152,0.477171207415719,141,-0.0452792450938238,381,0.000870040061121648,796.889763167782,0.477171207415719,1152,"exp191109","D09","D",9,40000,"3",2,"VAN-049",0.0426141562376394,FALSE,FALSE,FALSE,0,0,0,FALSE,"30",0,"Died",NA,NA,NA,NA,NA,NA,NA,NA,NA,NA
"BPH2762","exp191109_3_A11",97.8061867271572,1152,1.14694613011258,108,0.010140420243463,426,0.00152379510396979,454.918679956953,1.14694613011258,1152,"exp191109","A11","A",8.5,40000,"3",2.5,"VAN-049",0.316891465807344,FALSE,FALSE,FALSE,0,0,0,FALSE,"5",0,NA,NA,NA,NA,NA,NA,NA,NA,NA,NA,NA
"BPH2763","exp191109_3_D04",9.11424292864963,948,0.125274467599902,144,-0.0646776907851711,342,0.00057085040465692,1214.23612019076,0.0929553205374291,1152,"exp191109","D04","D",5,40000,"3",2,"VAN-050",0.0362722815496705,FALSE,FALSE,FALSE,0,0,0,FALSE,"78",1,"Survived",1,TRUE,NA,NA,FALSE,0,NA,NA,"index",NA
"BPH2764","exp191109_3_G10",160.031662314698,855,1.35898572499048,69,-0.0180950951606564,366,0.00375656084402264,186.264856817981,1.23816833692142,1152,"exp191109","G10","G",8.5,40000,"3",2,"VAN-050",0.136870391809909,FALSE,FALSE,FALSE,0,0.0129533678756477,0,FALSE,"78",1,NA,0,TRUE,0,29,FALSE,0,NA,-3,"paired-colonising","hypothetical protein / superantigen-like protein / accB_1 / grsB / Transcriptional regulator / cydD / pepT_2 / yveA / pbuE / Putative esterase / Replication initiation and membrane attachment"
"BPH2765","exp191109_3_C02",39.2933798185358,1152,0.500527662153946,183,-0.0189243089404247,612,0.00086461876490204,803.314091477007,0.500527662153946,1152,"exp191109","C02","C",2,40000,"3",2,"VAN-051",0.0650194952930174,FALSE,FALSE,FALSE,0,0,0,FALSE,"15",0,"Survived",NA,NA,NA,NA,NA,NA,NA,NA,NA,NA
"BPH2766","exp191109_3_B08",48.3677575984928,1152,0.697802067437358,186,-0.0767413844681026,636,0.00124411537202874,557.140596558702,0.697802067437358,1152,"exp191109","B08","B",7,40000,"3",2,"VAN-052",0.0429626140827129,FALSE,FALSE,FALSE,0,0,0,FALSE,"45",0,"Survived",NA,NA,NA,NA,NA,NA,NA,NA,NA,NA
"BPH2767","exp191109_3_A04",111.544296818098,1050,0.991338224990114,99,-0.0550129852156111,291,0.00243284399691728,287.025380722848,0.970921206093903,1152,"exp191109","A04","A",9,40000,"3",2,"VAN-053",0.0183199929833229,FALSE,FALSE,FALSE,0,0,0,FALSE,"-",0,"Died",NA,NA,NA,NA,NA,NA,NA,NA,NA,NA
"BPH2768","exp191109_3_A02",113.427011795678,954,0.975725323164874,90,-0.0181494264503233,342,0.00238059155788997,291.165940777474,0.95769292230271,1152,"exp191109","A02","A",4,40000,"3",2,"VAN-054",0.0343004171409487,FALSE,FALSE,FALSE,0,0,0,FALSE,"30",0,"Survived",NA,NA,NA,NA,NA,NA,NA,NA,NA,NA
"BPH2769","exp191109_3_B11",60.7049557127298,1068,0.667625059764566,147,-0.0182711210098593,534,0.00143411485744666,499.319531081493,0.650629760204219,1152,"exp191109","B11","B",5,40000,"3",2,"VAN-055",0.0872324054255603,FALSE,FALSE,FALSE,0,0,0,FALSE,"188",0,"Survived",NA,NA,NA,NA,NA,NA,NA,NA,NA,NA
"BPH2770","exp191109_3_A06",98.6190559777663,1152,1.08503930221625,174,-0.0324734366083732,552,0.00239104888445241,296.857464751761,1.08017410440379,1152,"exp191109","A06","A",7,40000,"3",2,"VAN-056",0.0343087407774105,FALSE,FALSE,FALSE,0,0,0,FALSE,"45",1,"Survived",1,TRUE,NA,NA,FALSE,0,NA,NA,"index",NA
"BPH2771","exp191109_3_F03",83.8322134009024,1152,0.906451542145621,147,-0.0489461751932707,564,0.00186375919723722,381.057567809425,0.906451542145621,1152,"exp191109","F03","F",6,40000,"3",2,"VAN-056",0.0799688972774059,FALSE,FALSE,FALSE,0,0,0,FALSE,"45",1,NA,0,TRUE,0,2,FALSE,0.25,NA,0,"paired-colonising","recU"
"BPH2773","exp191109_3_A10",71.3778671448603,834,0.746349688723792,180,-0.0655427281953707,498,0.00192783337126513,359.547246609322,0.675315219846136,1152,"exp191109","A10","A",10,40000,"3",2,"VAN-058",0.053636398633362,FALSE,FALSE,FALSE,0,0,0,FALSE,"188",0,"Survived",NA,NA,NA,NA,NA,NA,NA,NA,NA,NA
"BPH2774","exp191109_3_A12",10.3036903003447,1152,0.148269472133868,150,-0.0250227356305628,756,0.00025405967268202,2742.64392438992,0.148269472133868,1152,"exp191109","A12","A",11,40000,"3",2,"VAN-059",0.0690447800003375,FALSE,FALSE,FALSE,0,0,0,FALSE,"22",1,"Survived",NA,NA,NA,NA,NA,NA,NA,NA,NA,NA
"BPH2775","exp191109_3_C08",70.9278270237609,1152,0.917061963511105,144,-0.0975386084681078,624,0.00148045997021993,468.19717824385,0.917061963511105,1152,"exp191109","C08","C",9,40000,"3",2,"VAN-060",0.0543672154443011,FALSE,FALSE,FALSE,0,0,0,FALSE,"8",0,"Survived",NA,NA,NA,NA,NA,NA,NA,NA,NA,NA
"BPH2776","exp191109_3_A09",79.8649614572106,924,0.759558932275118,102,-0.031241474192045,453,0.00190907476907199,364.342367633587,0.707183920755361,1152,"exp191109","A09","A",9,40000,"3",2,"VAN-061",0.0281019058946884,FALSE,FALSE,FALSE,0,0,0,FALSE,"30",0,"Survived",NA,NA,NA,NA,NA,NA,NA,NA,NA,NA
"BPH2777","exp191109_3_E03",5.04435371075865,1152,0.0989940401037264,147,-0.0346099155784482,291,0.000333832818584511,2077.32818533367,0.0989940401037264,1152,"exp191109","E03","E",3,40000,"3",2,"VAN-062",0.0589416675426614,FALSE,FALSE,FALSE,0,0,0,FALSE,"30",0,"Survived",1,TRUE,NA,NA,FALSE,0,NA,NA,"index",NA
"BPH2778","exp191109_3_C06",-2.24384889011807,1077,0.0503562185073782,168,-0.0570710859216633,303,0.000282132234968706,2458.26255842373,0.0490730637349867,1152,"exp191109","C06","C",6,40000,"3",2,"VAN-062",0.0413510636426483,FALSE,FALSE,FALSE,0,0,0,FALSE,"30",0,NA,0,TRUE,0,0,FALSE,0,"Persistent",3,"paired-invasive",NA
"BPH2779","exp191109_3_C03",3.90697474722396,1152,0.243289300311699,237,-0.0692109660799204,912,0.000649215962153,1071.91323496991,0.243289300311699,1152,"exp191109","C03","C",3.5,40000,"3",2,"VAN-063",0.0696381410478358,FALSE,FALSE,FALSE,0,0,0,FALSE,"239",1,"Survived",NA,NA,NA,NA,NA,NA,NA,NA,NA,NA
"BPH2780","exp191109_3_B10",35.406883360501,1152,0.676900069873083,204,-0.039089815794027,885,0.00120454109577126,577.573352764954,0.676900069873083,1152,"exp191109","B10","B",10,40000,"3",2,"VAN-064",0.035992115773493,FALSE,FALSE,FALSE,0,0,0,FALSE,"239",1,"Survived",NA,NA,NA,NA,NA,NA,NA,NA,NA,NA
"BPH2781","exp191109_3_B01",47.0197879415815,1152,0.62423095259772,153,-0.0437933659010177,534,0.00114382784581224,606.121660692262,0.62423095259772,1152,"exp191109","B01","B",3,40000,"3",2,"VAN-065",0.0569713931580642,FALSE,FALSE,FALSE,0,0,0,FALSE,"239",1,"Survived",NA,NA,NA,NA,NA,NA,NA,NA,NA,NA
"BPH2782","exp191109_3_B05",53.4584808203633,981,0.564562771270545,180,-0.0213140186943276,528,0.0013787779692604,515.946362990192,0.539459594126133,1152,"exp191109","B05","B",2,40000,"3",2,"VAN-066",0.0705821357842243,FALSE,FALSE,FALSE,0,0,0,FALSE,"-",0,"Survived",NA,NA,NA,NA,NA,NA,NA,NA,NA,NA
"BPH2783","exp191109_3_F05",22.6157435139667,1152,0.403582287786009,192,-0.0525385586390779,795,0.000704328701278827,985.045475861122,0.403582287786009,1152,"exp191109","F05","F",5,40000,"3",2,"VAN-067",0.0485274709333608,FALSE,FALSE,FALSE,0,0,0,FALSE,"22",1,"Died",NA,NA,NA,NA,NA,NA,NA,NA,NA,NA
"BPH2784","exp191109_3_A08",50.8615363364476,1152,0.542537235530115,126,-0.0100562449845473,360,0.000830908614734155,861.227277718999,0.542537235530115,1152,"exp191109","A08","A",8,40000,"3",2,"VAN-068",0.0439153248744046,FALSE,FALSE,FALSE,0,0,0,FALSE,"88",0,"Survived",NA,NA,NA,NA,NA,NA,NA,NA,NA,NA
"BPH2785","exp191121_4_A03",82.5701363348281,1152,1.50975393605096,198,0.0737846015433137,924,0.00375781484287582,527.034829581629,1.50975393605096,1152,"exp191121","A03","A",7,40000,"4",2,"VAN-069",0.0486355652622697,FALSE,FALSE,FALSE,0,0.0414507772020725,0,FALSE,"-",1,"Survived",NA,NA,NA,NA,NA,NA,NA,NA,NA,NA
"BPH2786","exp191121_4_C10",169.099901654531,990,1.44387083266135,72,0.128628005095675,723,0.00334634205094694,207.140808320858,1.42206736079575,1152,"exp191121","C10","C",9.5,40000,"4",2,"VAN-070",0.0445802366796493,FALSE,FALSE,FALSE,0,0,0,FALSE,"5",0,"Survived",NA,NA,NA,NA,NA,NA,NA,NA,NA,NA
"BPH2787","exp191121_4_B02",173.503784490744,870,1.57433502520059,144,0.0424947763959135,540,0.00370104127650572,187.284369120673,1.3959355622211,1152,"exp191121","B02","B",3,40000,"4",2,"VAN-071",0.0183242542142795,FALSE,FALSE,FALSE,0,0,0,FALSE,"239",1,"Survived",NA,NA,NA,NA,NA,NA,NA,NA,NA,NA
"BPH2788","exp191121_4_E08",35.9872356425842,852,0.251288970347358,180,0.0984407985489269,306,0.000466816983840836,1484.83710866072,0.232852601064541,1152,"exp191121","E08","E",8,40000,"4",2,"VAN-072",0.0169123225260343,FALSE,FALSE,FALSE,0,0,0,FALSE,"15",0,"Survived",NA,NA,NA,NA,NA,NA,NA,NA,NA,NA
"BPH2789","exp191121_4_E11",88.0931407552092,1152,1.14533404161218,177,0.0661065463538492,765,0.00168161628298958,412.49268328261,1.14533404161218,1152,"exp191121","E11","E",7.5,40000,"4",2,"VAN-073",0.0812091328350866,FALSE,FALSE,FALSE,0,0,0,FALSE,"109",0,"Survived",NA,NA,NA,NA,NA,NA,NA,NA,NA,NA
"BPH2790","exp191121_4_D09",45.430448465686,1152,0.473541695077706,204,0.0145112097828757,636,0.00075667008155011,916.049408402626,0.473541695077706,1152,"exp191121","D09","D",9,40000,"4",2,"VAN-074",0.0205641167465748,FALSE,FALSE,FALSE,0,0,0,FALSE,"22",1,"Survived",NA,NA,NA,NA,NA,NA,NA,NA,NA,NA
"BPH2791","exp191121_4_A11",26.579896370814,1152,0.246695952563504,207,0.0347957600009549,498,0.000399244574406775,1752.09609319462,0.246695952563504,1152,"exp191121","A11","A",6,40000,"4",2.5,"VAN-075",0.0223615650013377,FALSE,FALSE,FALSE,0,0,0,FALSE,"6",0,"Survived",NA,NA,NA,NA,NA,NA,NA,NA,NA,NA
"BPH2792","exp191121_4_D04",123.218581052414,1152,1.14964997859333,162,0.0629602672719241,429,0.00218146300673449,323.149880290579,1.14964997859333,1152,"exp191121","D04","D",4,40000,"4",2.5,"VAN-076",0.100329138993322,FALSE,FALSE,FALSE,0,0,0,FALSE,"45",1,"Survived",NA,NA,NA,NA,NA,NA,NA,NA,NA,NA
"BPH2793","exp191121_4_G10",98.1099497784105,1152,0.98452272845668,135,0.0604466224149611,414,0.00166769520976853,421.981437538762,0.98452272845668,1152,"exp191121","G10","G",7.5,40000,"4",2.5,"VAN-077",0.116271740389887,FALSE,FALSE,FALSE,0,0,0,FALSE,"5",0,"Survived",NA,NA,NA,NA,NA,NA,NA,NA,NA,NA
"BPH2794","exp191121_4_C02",84.9775656418086,1152,0.833223591636095,156,0.0411575024667811,342,0.00171297477681195,404.645293055613,0.833223591636095,1152,"exp191121","C02","C",2,40000,"4",2,"VAN-078",0.051060495814393,FALSE,FALSE,FALSE,0,0,0,FALSE,"5",0,"Survived",NA,NA,NA,NA,NA,NA,NA,NA,NA,NA
"BPH2795","exp191121_4_B08",202.965105044952,861,1.48944498323968,81,0.222232827614709,333,0.00300469285600876,235.901985207109,1.43638329785333,1152,"exp191121","B08","B",6.5,40000,"4",2.5,"VAN-079",0.0696544658349513,FALSE,FALSE,FALSE,0,0,0,FALSE,"291",0,"Survived",NA,NA,NA,NA,NA,NA,NA,NA,NA,NA
"BPH2796","exp191121_4_B09",137.617482346166,1152,1.19273743891992,150,0.0502703244038395,393,0.00269124615433673,259.196163530168,1.19273743891992,1152,"exp191121","B09","B",9.5,40000,"4",2.5,"VAN-080",0.0269384213614085,FALSE,FALSE,FALSE,0,0,0,FALSE,"97",0,"Survived",NA,NA,NA,NA,NA,NA,NA,NA,NA,NA
"BPH2797","exp191121_4_A02",158.096046615467,1152,1.6600310265357,144,0.0898158890221774,522,0.00263502432169128,263.051530437127,1.6600310265357,1152,"exp191121","A02","A",4,40000,"4",2,"VAN-081",0.0138944129399282,FALSE,FALSE,FALSE,0,0.00518134715025907,0,FALSE,"12",0,"Died",NA,NA,NA,NA,NA,NA,NA,NA,NA,NA
"BPH2798","exp191121_4_B11",31.3442275159159,1152,0.320295759401336,192,0.0601717818180132,630,0.000390149631376123,1776.61882728198,0.320295759401336,1152,"exp191121","B11","B",5,40000,"4",2,"VAN-082",0.0687748446332473,FALSE,FALSE,FALSE,0,0,0,FALSE,"239",1,"Survived",NA,NA,NA,NA,NA,NA,NA,NA,NA,NA
"BPH2799","exp191121_4_A06",255.668300029506,1152,2.8120668755066,132,0.0542322850752196,522,0.0044799585982686,154.7217826584,2.8120668755066,1152,"exp191121","A06","A",6,40000,"4",1,"VAN-082",0.0419652531804483,FALSE,FALSE,FALSE,0,0,0,FALSE,"239",1,NA,NA,NA,NA,NA,NA,NA,NA,NA,NA,NA
"BPH2800","exp191121_4_F03",31.7678589496968,1152,0.38038707665764,207,0.00910786200385302,522,0.000537821952249969,1313.72284753411,0.38038707665764,1152,"exp191121","F03","F",5,40000,"4",2.5,"VAN-082",0.0415683871700953,FALSE,FALSE,FALSE,0,0,0,FALSE,"239",1,NA,NA,NA,NA,NA,NA,NA,NA,NA,NA,NA
"BPH2801","exp191121_4_A10",151.644707004621,792,1.08486174444376,96,0.115105510341754,324,0.00312887285338331,221.532549592238,1.00151726218665,1152,"exp191121","A10","A",10,40000,"4",2,"VAN-083",0.0283000270463363,FALSE,FALSE,FALSE,0,0,0,FALSE,"59",0,"Survived",1,TRUE,NA,NA,FALSE,0,NA,NA,"index",NA
"BPH2802","exp191121_4_A12",146.828896837579,810,1.0722928306857,84,0.155620036460999,318,0.00301361207066784,230.00544340345,1.01606251133829,1152,"exp191121","A12","A",11,40000,"4",2,"VAN-083",0.165441161845311,FALSE,FALSE,FALSE,0,0,0,FALSE,"59",0,NA,NA,NA,NA,NA,NA,NA,NA,NA,NA,NA
"BPH2803","exp191121_4_C09",143.367907954045,1029,1.1073868276664,102,0.125074227377979,324,0.00282106057172795,249.332849528609,1.07674130449143,1152,"exp191121","C09","C",10.5,40000,"4",2.5,"VAN-083",0.214454340251775,FALSE,FALSE,FALSE,0,0,0,FALSE,"59",0,NA,0,TRUE,0,24,FALSE,-0.5,"Relapse (after treatment)",31,"paired-invasive","putative epimerase/dehydratase / pta / nfo / comEA / cycA_2 / Hyaluronate lyase / ebh_3 / msbA"
"BPH2804","exp191121_4_A09",28.3512124399602,1152,0.251020753531522,186,0.0484757747065771,654,0.000315505232380319,2196.94353507395,0.251020753531522,1152,"exp191121","A09","A",9,40000,"4",2,"VAN-083",0.0422596713371557,FALSE,FALSE,FALSE,0,0,0,FALSE,"1",0,NA,0,FALSE,1,NA,FALSE,-0.75,"Relapse (after treatment)",171,"paired-invasive",NA
"BPH2805","exp191121_4_E03",204.230004561854,1062,1.70603960107772,90,0.165378371544417,324,0.00285676995498279,242.633180648989,1.69295621046921,1152,"exp191121","E03","E",3,40000,"4",2,"VAN-084",0.0227612877172517,FALSE,FALSE,FALSE,0,0,0,FALSE,"-",0,"Survived",NA,NA,NA,NA,NA,NA,NA,NA,NA,NA
"BPH2806","exp191121_4_C06",79.7327001883971,1152,0.706095879955614,138,0.0494205899018805,366,0.00147134749538751,472.668356404647,0.706095879955614,1152,"exp191121","C06","C",4,40000,"4",2.5,"VAN-085",0.0132111760753325,FALSE,FALSE,FALSE,0,0,0,FALSE,"45",0,"Survived",NA,NA,NA,NA,NA,NA,NA,NA,NA,NA
"BPH2807","exp191121_4_C03",55.595509459648,1152,0.553170225906135,204,0.101309052348716,591,0.000728884925974894,953.801834199397,0.553170225906135,1152,"exp191121","C03","C",3.5,40000,"4",2,"VAN-086",0.0251645765210863,FALSE,FALSE,FALSE,0,0,0,FALSE,"22",1,"Survived",NA,NA,NA,NA,NA,NA,NA,NA,NA,NA
"BPH2808","exp191121_4_B10",74.9464833223208,1152,0.786902175379636,192,0.0765565799357656,654,0.000901731564422331,768.684615142634,0.786902175379636,1152,"exp191121","B10","B",10,40000,"4",2,"VAN-086",0.063944461763239,FALSE,FALSE,FALSE,0,0,0,FALSE,"22",1,NA,NA,NA,NA,NA,NA,NA,NA,NA,NA,NA
"BPH2809","exp191121_4_B03",132.227124425937,1152,1.97660067764526,171,0.0407616798366937,963,0.00294916231028727,246.807443103807,1.97660067764526,1152,"exp191121","B03","B",3.5,40000,"4",2,"VAN-087",0.00443468658796764,FALSE,FALSE,FALSE,0,0,0,FALSE,"-",0,"Survived",NA,NA,NA,NA,NA,NA,NA,NA,NA,NA
"BPH2810","exp191121_4_B05",168.100866069788,930,1.35678150657158,126,0.0883781138745239,402,0.00326331186983506,212.406048887684,1.32039101343493,1152,"exp191121","B05","B",2,40000,"4",2,"VAN-088",0.0746891791492999,FALSE,FALSE,FALSE,0,0,0,FALSE,"508",0,"Survived",NA,NA,NA,NA,NA,NA,NA,NA,NA,NA
"BPH2811","exp191121_4_F05",35.4172553442118,1152,0.366802201546285,228,0.0472040097370419,558,0.000604221520731936,1147.17393667191,0.366802201546285,1152,"exp191121","F05","F",5,40000,"4",2,"VAN-089",0.0827652829478554,FALSE,FALSE,FALSE,0,0,0,FALSE,"15",0,"Survived",NA,NA,NA,NA,NA,NA,NA,NA,NA,NA
"BPH2812","exp191129_5_A03",147.847678126476,558,1.2534309819134,108,-0.0339747843298212,318,0.00498771865733337,138.970785679906,0.717621592740467,1152,"exp191129","A03","A",7,40000,"5",2,"VAN-090",0.0618360161588221,FALSE,FALSE,FALSE,0,0,0,FALSE,"1",1,"Survived",NA,NA,NA,NA,NA,NA,NA,NA,NA,NA
"BPH2813","exp191129_5_C10",148.56999326217,570,1.23872178616039,114,-0.00191199177319081,330,0.00498778282231394,138.968997900029,0.692799863591305,1152,"exp191129","C10","C",9,40000,"5",2,"VAN-090",0.0252752318478467,FALSE,FALSE,FALSE,0,0,0,FALSE,"1",1,NA,NA,NA,NA,NA,NA,NA,NA,NA,NA,NA
"BPH2814","exp191129_5_B02",150.136488284056,540,1.33782391307734,105,0.00585466208516417,318,0.00568599543110875,124.165996982148,0.720127379642814,1152,"exp191129","B02","B",3,40000,"5",2,"VAN-090",0.0202940415092983,FALSE,FALSE,FALSE,0,0,0,FALSE,"1",1,NA,NA,NA,NA,NA,NA,NA,NA,NA,NA,NA
"BPH2815","exp191129_5_E08",148.373159755008,543,1.31970975496776,114,-0.0332246512128958,327,0.00576687727494766,121.774852048872,0.692248245000511,1152,"exp191129","E08","E",8,40000,"5",2,"VAN-090",0.0242241553659896,FALSE,FALSE,FALSE,0,0,0,FALSE,"1",1,NA,NA,NA,NA,NA,NA,NA,NA,NA,NA,NA
"BPH2816","exp191129_5_A07",73.5511538890665,1152,0.837346070292663,147,0.0126142763110612,639,0.00133067041365831,567.790685106498,0.830175567089848,1152,"exp191129","A07","A",7,40000,"5",2,"VAN-091",0.0518197487563982,FALSE,FALSE,FALSE,0,0,0,FALSE,"15",0,"Died",NA,NA,NA,NA,NA,NA,NA,NA,NA,NA
"BPH2817","exp191129_5_D09",106.249463952385,597,1.00702603708443,156,-0.00970577444075706,375,0.00414432046634822,168.034768429837,0.552057148857797,1152,"exp191129","D09","D",9,40000,"5",2,"VAN-092",0.0112916246946732,FALSE,FALSE,FALSE,0,0,0,FALSE,"-",0,"Survived",NA,NA,NA,NA,NA,NA,NA,NA,NA,NA
"BPH2818","exp191129_5_A11",87.4513566146427,1152,0.785903008825839,117,0.0153110297496536,399,0.00163863319139447,426.33184500199,0.78121335873357,1152,"exp191129","A11","A",6,40000,"5",2,"VAN-093",0.0554377840019335,FALSE,FALSE,FALSE,0,0,0,FALSE,"5",0,"Survived",NA,NA,NA,NA,NA,NA,NA,NA,NA,NA
"BPH2819","exp191129_5_D04",75.0254152435529,873,0.665634180787725,120,0.0107608549830355,549,0.00147193937276455,491.755349206718,0.590390990269246,1152,"exp191129","D04","D",4,40000,"5",2,"VAN-094",0.0183844396402033,FALSE,FALSE,FALSE,0,0,0,FALSE,"5",0,"Survived",1,TRUE,NA,NA,FALSE,0,NA,NA,"index",NA
"BPH2820","exp191129_5_C07",87.6551595173687,885,0.739855665566681,111,0.00630471579012323,522,0.00194335056177635,357.214765647902,0.675120530124819,1152,"exp191129","C07","C",7,40000,"5",2,"VAN-094",0.025466978375425,FALSE,FALSE,FALSE,0,0,0,FALSE,"5",0,NA,0,TRUE,0,2,FALSE,-0.5,"Persistent",3,"paired-invasive","cmpD / pckA"
"BPH2821","exp191129_5_C02",124.966574921002,864,1.1716313181971,165,0.00153582739995642,495,0.00318419144901598,218.984233297342,1.05302049128318,1152,"exp191129","C02","C",2,40000,"5",2,"VAN-095",0.049959816918897,FALSE,FALSE,FALSE,0,0,0,FALSE,"12",0,"Survived",NA,NA,NA,NA,NA,NA,NA,NA,NA,NA
"BPH2822","exp191129_5_B08",116.096487672546,612,0.979444799616489,129,0.00291339661438103,369,0.00375264989200131,193.164766788624,0.668731116957888,1152,"exp191129","B08","B",7,40000,"5",2,"VAN-096",0.0441570576958962,FALSE,FALSE,FALSE,0,0,0,FALSE,"1",0,"Survived",NA,NA,NA,NA,NA,NA,NA,NA,NA,NA
"BPH2823","exp191129_5_A04",11.9899945089254,1152,0.109274526168327,165,-0.00493434292833812,315,0.000297181677204853,2334.96578368636,0.10598532694406,1152,"exp191129","A04","A",9,40000,"5",2,"VAN-097",0.0255735370120862,FALSE,FALSE,FALSE,0,0,0,FALSE,"78",1,"Survived",NA,NA,NA,NA,NA,NA,NA,NA,NA,NA
"BPH2824","exp191129_5_A02",29.8932589233169,1152,0.459655508193823,189,0.0153677526975512,1056,0.000797149001835183,872.015544611082,0.459655508193823,1152,"exp191129","A02","A",4,40000,"5",2,"VAN-098",0.0398100020502663,FALSE,FALSE,FALSE,0,0,0,FALSE,"239",1,"Survived",NA,NA,NA,NA,NA,NA,NA,NA,NA,NA
"BPH2825","exp191129_5_B11",29.058843247962,1152,0.476057672138347,186,-0.00419565866968437,981,0.000755701245593196,917.610915278497,0.476057672138347,1152,"exp191129","B11","B",5,40000,"5",2,"VAN-098",0.0322479324819872,FALSE,FALSE,FALSE,0,0,0,FALSE,"239",1,NA,NA,NA,NA,NA,NA,NA,NA,NA,NA,NA
"BPH2827","exp191129_5_A06",20.3616476142367,1152,0.216659256867327,177,0.0146687963995854,867,0.000258901478375766,2696.75914535172,0.216659256867327,1152,"exp191129","A06","A",7,40000,"5",2,"VAN-100",0.026782666186051,FALSE,FALSE,FALSE,0,0,0,FALSE,"239",1,"Survived",NA,NA,NA,NA,NA,NA,NA,NA,NA,NA
"BPH2828","exp191129_5_F03",32.8792368025861,1152,0.34406350671785,168,0.00512197117761164,639,0.000651477776919655,1126.49286757532,0.34406350671785,1152,"exp191129","F03","F",6,40000,"5",2,"VAN-101",0.0252046063931092,FALSE,FALSE,FALSE,0,0,0,FALSE,"22",0,"Survived",NA,NA,NA,NA,NA,NA,NA,NA,NA,NA
"BPH2829","exp191129_5_A10",92.5521027444633,660,0.858424642832298,174,-0.00299007920602569,423,0.00332111742759981,209.330710438201,0.558030046847853,1152,"exp191129","A10","A",10,40000,"5",2,"VAN-102",0.0485284491710142,FALSE,FALSE,FALSE,0,0,0,FALSE,"8",0,"Survived",NA,NA,NA,NA,NA,NA,NA,NA,NA,NA
"BPH2830","exp191129_5_A12",94.1520351211938,849,0.773325204648275,141,0.00773688422678997,354,0.00234647110845453,315.240400506284,0.694849264478095,1152,"exp191129","A12","A",11,40000,"5",2,"VAN-103",0.0386419933222885,FALSE,FALSE,FALSE,0,0,0,FALSE,"-",0,"Survived",NA,NA,NA,NA,NA,NA,NA,NA,NA,NA
"BPH2831","exp191129_5_C08",62.3478315914048,972,0.690143991146184,192,-0.0106043017696971,558,0.00155141225535781,446.784649383913,0.63999937461596,1152,"exp191129","C08","C",9,40000,"5",2,"VAN-104",0.0364559754268332,FALSE,FALSE,FALSE,0,0,0,FALSE,"8",0,"Survived",NA,NA,NA,NA,NA,NA,NA,NA,NA,NA
"BPH2832","exp191129_5_A09",64.5757514778857,948,0.662947111986753,165,-0.0068641397837196,552,0.00163016529045215,427.611513671559,0.600854482959705,1152,"exp191129","A09","A",9,40000,"5",2,"VAN-104",0.0199173557682199,FALSE,FALSE,FALSE,0,0,0,FALSE,"8",0,NA,NA,NA,NA,NA,NA,NA,NA,NA,NA,NA
"BPH2833","exp191129_5_E03",76.6382403258412,945,0.779661245348512,153,0.0125031337683598,534,0.00184479075179346,375.986580896807,0.727447698729895,1152,"exp191129","E03","E",3,40000,"5",2,"VAN-104",0.018938035027901,FALSE,FALSE,FALSE,0,0,0,FALSE,"8",0,NA,NA,NA,NA,NA,NA,NA,NA,NA,NA,NA
"BPH2834","exp191129_5_C06",58.9996594078337,1035,0.640099591028268,171,-0.0040966330959128,567,0.00138038108066911,502.356808310793,0.634039683702804,1152,"exp191129","C06","C",6,40000,"5",2,"VAN-105",0.0370238300004863,FALSE,FALSE,FALSE,0,0,0,FALSE,"-",0,"Survived",NA,NA,NA,NA,NA,NA,NA,NA,NA,NA
"BPH2835","exp191129_5_C03",104.266130538388,582,0.912320266578439,153,-0.00360911417008602,357,0.00384834153346878,181.520547552413,0.539641572474709,1152,"exp191129","C03","C",3.5,40000,"5",2,"VAN-106",0.0296188523696412,FALSE,FALSE,FALSE,0,0,0,FALSE,"72",0,"Survived",NA,NA,NA,NA,NA,NA,NA,NA,NA,NA
"BPH2836","exp191129_5_B10",124.892303593697,621,1.07189274088757,141,0.0108358620575338,393,0.00396358250529,175.201019927568,0.695992307793122,1152,"exp191129","B10","B",10,40000,"5",2,"VAN-107",0.0208302731726324,FALSE,FALSE,FALSE,0,0,0,FALSE,"8",0,"Survived",NA,NA,NA,NA,NA,NA,NA,NA,NA,NA
"BPH2837","exp191129_5_B01",97.1066208004787,612,0.848304327585385,156,-0.00202543915074307,387,0.00338295122934996,204.899414259418,0.517325689665892,1152,"exp191129","B01","B",3,40000,"5",2,"VAN-108",0.0306173164478603,FALSE,FALSE,FALSE,0,0,0,FALSE,"59",0,"Survived",NA,NA,NA,NA,NA,NA,NA,NA,NA,NA
"BPH2838","exp191129_5_B05",159.252512793448,789,1.39227959820562,150,0.013207142319935,441,0.00414394269111598,177.954658508825,1.15950060097806,1152,"exp191129","B05","B",2,40000,"5",2,"VAN-109",0.0243943849428712,FALSE,FALSE,FALSE,0,0,0,FALSE,"12",0,"Survived",NA,NA,NA,NA,NA,NA,NA,NA,NA,NA
"BPH2839","exp191129_5_F05",62.215117077613,693,0.544522866617783,165,0.00640346096197235,435,0.00186404710298423,371.95454085771,0.387419349788105,1152,"exp191129","F05","F",5,40000,"5",2,"VAN-110",0.0258331317796987,FALSE,FALSE,FALSE,0,0,0,FALSE,"1",0,"Survived",NA,NA,NA,NA,NA,NA,NA,NA,NA,NA
"BPH2840","exp191205_6_A03",108.982986762857,735,0.878424770010835,105,-0.0221602051456056,363,0.00282438533366798,245.789778376664,0.664353537227461,1152,"exp191205","A03","A",7,40000,"6",2,"VAN-111",0.0510846937207863,FALSE,FALSE,FALSE,0,0,0,FALSE,"8",0,"Survived",1,TRUE,NA,NA,FALSE,0,NA,NA,"index",NA
"BPH2841","exp191205_6_C10",105.953394891342,738,0.820297995825266,87,-0.0359543852619038,369,0.00257137037701144,269.570595504684,0.644577791497659,1152,"exp191205","C10","C",9,40000,"6",2,"VAN-111",0.0454836327954813,FALSE,FALSE,FALSE,0,0,0,FALSE,"8",0,NA,0,TRUE,0,1,FALSE,0,"Persistent",5,"paired-invasive",NA
"BPH2842","exp191205_6_B02",-3.09852917003327,1152,0.0474473490984907,198,-0.085452114150045,411,0.000297164411314379,2362.68340324196,0.0474473490984907,1152,"exp191205","B02","B",3,40000,"6",2,"VAN-112",0.0405983154833346,FALSE,FALSE,FALSE,0,0,0,FALSE,"22",1,NA,NA,NA,NA,NA,NA,NA,NA,NA,NA,NA
"BPH2843","exp191205_6_E08",3.35058329749783,576,0.0473189889177054,231,-0.0179485519774545,399,0.000262522873429829,2646.19439780185,0.0414576794339377,1152,"exp191205","E08","E",8,40000,"6",2,"VAN-112",0.0549461639134419,FALSE,FALSE,FALSE,0,0,0,FALSE,"22",1,"Survived",NA,NA,NA,NA,NA,NA,NA,NA,NA,NA
"BPH2844","exp191205_6_A07",139.434957593728,870,1.33852180408266,174,-0.0405884080758294,492,0.00365313277319498,189.740484015786,1.20826012296915,1152,"exp191205","A07","A",7,40000,"6",2,"VAN-113",0.0587904318408884,FALSE,FALSE,FALSE,0,0,0,FALSE,"20",0,"Survived",NA,NA,NA,NA,NA,NA,NA,NA,NA,NA
"BPH2845","exp191205_6_D09",151.320132607464,762,1.34252841563818,129,0.00815404464015712,405,0.00395625631432129,176.666147140953,1.01714746607433,1152,"exp191205","D09","D",9,40000,"6",2,"VAN-114",0.0566879123662878,FALSE,FALSE,FALSE,0,0,0,FALSE,"1",1,"Survived",NA,NA,NA,NA,NA,NA,NA,NA,NA,NA
"BPH2846","exp191205_6_A11",92.0482228060998,1116,0.90725922742727,138,-0.0141347728935948,504,0.00194755696869333,355.905984626985,0.886434022769822,1152,"exp191205","A11","A",6,40000,"6",2,"VAN-115",0.028542820487736,FALSE,FALSE,FALSE,0,0,0,FALSE,"-",0,"Survived",NA,NA,NA,NA,NA,NA,NA,NA,NA,NA
"BPH2847","exp191205_6_D04",30.2146224884643,1047,0.364165787978281,204,-0.0359642527589325,597,0.000749638242970307,938.496269514109,0.342906312765948,1152,"exp191205","D04","D",7,40000,"6",2,"VAN-116",0.0168513404838254,FALSE,FALSE,FALSE,0,0,0,FALSE,"22",1,"Died",NA,NA,NA,NA,NA,NA,NA,NA,NA,NA
"BPH2848","exp191205_6_C07",165.09704614635,621,1.40077181690355,69,-0.0502356540025577,300,0.00422585364492143,164.359023075426,0.888142454062626,1152,"exp191205","C07","C",7,40000,"6",2,"VAN-117",0.0572374685819942,FALSE,FALSE,FALSE,0,0,0,FALSE,"1",0,"Survived",NA,NA,NA,NA,NA,NA,NA,NA,NA,NA
"BPH2849","exp191205_6_C02",141.751529997286,840,1.33663538455995,96,-0.021953191213806,462,0.00349654702386958,198.237625814295,1.19503915319876,1152,"exp191205","C02","C",2,40000,"6",2,"VAN-118",0.0450329157894693,FALSE,FALSE,FALSE,0,0,0,FALSE,"-",0,"Survived",NA,NA,NA,NA,NA,NA,NA,NA,NA,NA
"BPH2850","exp191205_6_B08",145.43159979936,816,1.29665046039471,120,-0.0317797473026441,450,0.00341072347004506,204.312387690813,1.10722929919467,1152,"exp191205","B08","B",7,40000,"6",2,"VAN-118",0.050896576994783,FALSE,FALSE,FALSE,0,0,0,FALSE,"-",0,NA,NA,NA,NA,NA,NA,NA,NA,NA,NA,NA
"BPH2851","exp191205_6_A04",13.1196523896331,879,0.149716146869606,180,-0.0746711717215932,378,0.000773718995232218,896.015658317013,0.128146928301338,1152,"exp191205","A04","A",9,40000,"6",2,"VAN-119",0.0337838633034844,FALSE,FALSE,FALSE,0,0,0,FALSE,"-",1,"Survived",NA,NA,NA,NA,NA,NA,NA,NA,NA,NA
"BPH2852","exp191205_6_A02",29.8136649832323,852,0.33299491044514,174,-0.0893020301128637,444,0.00122261645234154,584.055619299584,0.304662422743405,1152,"exp191205","A02","A",4,40000,"6",2,"VAN-121",0.0223339199937677,FALSE,FALSE,FALSE,0,0,0,FALSE,"101",0,"Survived",NA,NA,NA,NA,NA,NA,NA,NA,NA,NA
"BPH2853","exp191205_6_B11",117.910575209357,960,1.03464515927968,120,-0.0131071629630545,387,0.00221955537004548,312.384321742286,0.973845370203795,1152,"exp191205","B11","B",5,40000,"6",2,"VAN-122",0.0491715107236909,FALSE,FALSE,FALSE,0,0,0,FALSE,"30",0,"Survived",NA,NA,NA,NA,NA,NA,NA,NA,NA,NA
"BPH2854","exp191205_6_A06",44.8672512662509,1152,0.506465381695352,177,-0.0295056387338107,570,0.00103966031885112,666.7437928937,0.498900490321069,1152,"exp191205","A06","A",7,40000,"6",2,"VAN-123",0.0466539362987217,FALSE,FALSE,FALSE,0,0,0,FALSE,"8",1,"Survived",NA,NA,NA,NA,NA,NA,NA,NA,NA,NA
"BPH2855","exp191205_6_F03",63.7203864677225,918,0.631240727016502,156,-0.0130805986380844,540,0.00148460933429246,466.888604664665,0.619259626597806,1152,"exp191205","F03","F",6,40000,"6",2,"VAN-124",0.0356948615384064,FALSE,FALSE,FALSE,0,0,0,FALSE,"15",0,"Survived",NA,NA,NA,NA,NA,NA,NA,NA,NA,NA
"BPH2856","exp191205_6_A10",-5.51345587171032,0,0.0220543228621991,198,-0.0704268864147051,321,0.000233942572024711,3179.34759507607,-0.00483664573563296,1152,"exp191205","A10","A",10,40000,"6",2,"VAN-125",0.0729052518744496,FALSE,FALSE,FALSE,0,0,0,FALSE,"22",0,"Survived",NA,NA,NA,NA,NA,NA,NA,NA,NA,NA
"BPH2857","exp191205_6_A12",58.3118316465991,834,0.554425954565743,174,-0.0546809041902179,435,0.00170628470407606,406.287222612226,0.430328590548994,1152,"exp191205","A12","A",11,40000,"6",2,"VAN-126",0.0402220260876881,FALSE,FALSE,FALSE,0,0,0,FALSE,"101",0,NA,NA,NA,NA,NA,NA,NA,NA,NA,NA,NA
"BPH2858","exp191205_6_C08",105.083409345078,1134,1.32381377450927,159,-0.0420791997318625,648,0.00273253235838618,254.068232014838,1.32381377450927,1152,"exp191205","C08","C",9,40000,"6",2,"VAN-126",0.0336986869228907,FALSE,FALSE,FALSE,0,0,0,FALSE,"22",1,"Survived",NA,NA,NA,NA,NA,NA,NA,NA,NA,NA
"BPH2859","exp191205_6_A09",133.089643739156,618,1.17434929529718,111,-0.0816116771482079,351,0.00440965434647267,160.538122064235,0.744983182428291,1152,"exp191205","A09","A",9,40000,"6",2,"VAN-127",0.0379262178146632,FALSE,FALSE,FALSE,0,0,0,FALSE,"93",1,"Survived",NA,NA,NA,NA,NA,NA,NA,NA,NA,NA
"BPH2860","exp191205_6_E03",180.343291640214,774,1.57680781770006,105,0.00167753302089634,387,0.00410339096130132,170.257449411984,1.24120439804877,1152,"exp191205","E03","E",2.5,40000,"6",1.5,"VAN-128",0.0480722765428335,FALSE,FALSE,FALSE,0,0,0,FALSE,"88",0,"Survived",NA,NA,NA,NA,NA,NA,NA,NA,NA,NA
"BPH2861","exp191205_6_C06",133.668425615344,810,1.14529256221584,135,-0.0227880068931025,384,0.00328126066542194,216.120158622221,0.962510173257482,1152,"exp191205","C06","C",6,40000,"6",2,"VAN-129",0.0255702421658719,FALSE,FALSE,FALSE,0,0,0,FALSE,"39",0,"Survived",1,TRUE,NA,NA,FALSE,0,NA,NA,"index",NA
"BPH2862","exp191205_6_F04",172.986448125242,636,1.37247037811355,0,-0.0333280777296676,264,0.00435767721515638,159.06345200354,1.04601953375818,1152,"exp191205","F04","F",4,40000,"6",1,"VAN-129",0.0435842410541615,FALSE,FALSE,FALSE,0,0,0,FALSE,"39",0,NA,0,TRUE,0,1,FALSE,0,"Persistent",3,"paired-invasive",NA
"BPH2863","exp191205_6_B10",101.262851974692,999,0.950439945144844,129,-0.0532412454103265,426,0.00214838518534181,323.57664627169,0.934386354373858,1152,"exp191205","B10","B",10,40000,"6",2,"VAN-130",0.0461346142437033,FALSE,FALSE,FALSE,0,0,0,FALSE,"-",0,"Survived",1,TRUE,NA,NA,FALSE,0,NA,NA,"index",NA
"BPH2864","exp191205_6_B01",108.400438241306,927,0.997325940270721,153,-0.0400795310449604,477,0.0022391824891732,309.623958231305,0.908175002188045,1152,"exp191205","B01","B",3,40000,"6",2,"VAN-130",0.0430841354504433,FALSE,FALSE,FALSE,0,0,0,FALSE,"-",0,NA,0,TRUE,0,0,FALSE,0,"Persistent",4,"paired-invasive",NA
"BPH2865","exp191205_6_B05",87.5639041415423,735,0.797861727276184,165,-0.0283446497221557,426,0.00256653974917143,270.260668491702,0.546312748854033,1152,"exp191205","B05","B",2,40000,"6",2,"VAN-131",0.0405686971619686,FALSE,FALSE,FALSE,0,0,0,FALSE,"46",0,"Survived",NA,NA,NA,NA,NA,NA,NA,NA,NA,NA
"BPH2866","exp191205_6_F05",44.6142133326245,873,0.431409307660416,120,-0.0436039106075159,567,0.00105202869041208,672.942204902589,0.382412818767206,1152,"exp191205","F05","F",5,40000,"6",2,"VAN-132",0.0372664335183661,FALSE,FALSE,FALSE,0,0,0,FALSE,"15",0,"Survived",NA,NA,NA,NA,NA,NA,NA,NA,NA,NA
"BPH2867","exp191205_6_A08",26.2333245437094,1152,0.216334381558411,111,-0.0146601470404924,285,0.000498982624422725,1390.98311493443,0.200551025218551,1152,"exp191205","A08","A",8,40000,"6",2,"VAN-132",0.067425119556729,FALSE,FALSE,FALSE,0,0,0,FALSE,"15",0,NA,NA,NA,NA,NA,NA,NA,NA,NA,NA,NA
"BPH2887","exp200309_M1_A03",115.979661038168,810,1.03397376638495,102,-0.0175358594469787,492,0.00267554785798879,259.067382588695,0.886047184071091,1152,"exp200309","A03","A",3,40000,"M1",1,"VAN-148",0.0398331653759816,FALSE,FALSE,FALSE,0,0.0362694300518135,0,FALSE,"45",1,"Died",1,TRUE,NA,NA,FALSE,0,NA,NA,"index",NA
"BPH2896","exp200309_M1_C10",63.618356995231,1152,0.91889401691798,138,0.00664848897109529,864,0.0013255131675953,522.927419738446,0.91889401691798,1152,"exp200309","C10","C",9,40000,"M1",2,"VAN-155",0.0427893534338674,FALSE,FALSE,FALSE,0,0,0,FALSE,"239",1,"Died",NA,NA,NA,NA,NA,NA,NA,NA,NA,NA
"BPH2902","exp200226_P2_B05",19.7714960314795,1152,0.19156111734904,150,-0.0122308579720521,366,0.000439092723635833,1578.5895398595,0.19156111734904,1152,"exp200226","B05","B",6,40000,"P2",2,"VAN-160",0.0104506772048631,FALSE,FALSE,FALSE,0,0,0,FALSE,"45",1,"Survived",1,TRUE,NA,NA,FALSE,0,NA,NA,"index",NA
"BPH2904","exp200226_P2_B03",98.6067588381368,1152,1.04695982298613,138,-0.0131000593556714,420,0.00188394344712612,367.923560347479,1.04695982298613,1152,"exp200226","B03","B",8,40000,"P2",2,"VAN-160",0.0166620387943742,FALSE,FALSE,FALSE,0,0,0,FALSE,"45",1,NA,0,TRUE,0,3,FALSE,0,NA,1,"paired-colonising","clfA / agrA / Nitroreductase family protein"
"BPH2934","exp200309_M1_B02",97.88280864388,822,0.891351566329982,84,0.0147146982100257,564,0.00184852854903765,374.972396785973,0.722029515592003,1152,"exp200309","B02","B",3,40000,"M1",2,"VAN-184",0.0348535048699569,FALSE,FALSE,FALSE,0,0,0,FALSE,"291",0,"Died",NA,NA,NA,NA,NA,NA,NA,NA,NA,NA
"BPH2938","exp200309_M1_E08",64.6900534717423,1152,0.721998120565605,114,-0.042288105036176,543,0.00159848026934968,433.81415643572,0.721998120565605,1152,"exp200309","E08","E",8,40000,"M1",2.5,"VAN-188",0.0162173793046938,FALSE,FALSE,FALSE,0,0,0,FALSE,"30",0,"Died",NA,NA,NA,NA,NA,NA,NA,NA,NA,NA
"BPH2942","exp200226_P2_C06",167.445938794346,918,1.3117494693299,0,-0.00792240421030444,228,0.00319162776332997,217.176698524753,1.29389925603727,1152,"exp200226","C06","C",7,40000,"P2",2,"VAN-192",0.0275701041579321,FALSE,FALSE,FALSE,0,0,0,FALSE,"5",0,"Survived",1,TRUE,NA,NA,FALSE,0,NA,NA,"index",NA
"BPH2943","exp200226_P2_C05",167.076392972589,1152,1.27632959364535,0,-0.0377975865935742,222,0.00339692606459812,204.051300316408,1.18191542370027,1152,"exp200226","C05","C",6,40000,"P2",2,"VAN-192",0.0154235745010019,FALSE,FALSE,FALSE,0,0,0,FALSE,"5",0,NA,0,TRUE,0,0,FALSE,-0.5,"Relapse (after treatment)",65,"paired-invasive",NA
"BPH2949","exp200309_M1_A07",131.242478384791,834,1.04510498179723,0,-0.0357182976928784,252,0.00221696201035844,312.65631856627,0.896669889291551,1152,"exp200309","A07","A",7,40000,"M1",2,"VAN-197",0.0104535619574389,FALSE,FALSE,FALSE,0,0,0,FALSE,"1",1,"Died",NA,NA,NA,NA,NA,NA,NA,NA,NA,NA
"BPH2962","exp200226_P2_B09",117.922027161166,1152,1.25439325528812,114,-0.0313686981811419,324,0.00202662602260927,342.020270551703,1.25439325528812,1152,"exp200226","B09","B",8,40000,"P2",2,"VAN-207",0.0128561304505894,FALSE,FALSE,FALSE,0,0,0,FALSE,"20",0,"Survived",1,TRUE,NA,NA,FALSE,0,NA,NA,"index",NA
"BPH2963","exp200226_P2_B10",127.986885681028,1152,1.3423270132965,120,-0.0118283483976967,336,0.00209797096707676,330.3893101656,1.3423270132965,1152,"exp200226","B10","B",8,40000,"P2",2,"VAN-207",0.0339106988980108,FALSE,FALSE,FALSE,0,0,0,FALSE,"20",0,NA,0,TRUE,0,5,FALSE,0,"Persistent",3,"paired-invasive","ggt_1 / SigmaW regulon antibacterial / hutG / entB"
"BPH2965","exp200309_M1_D09",74.410778073588,726,0.676914465835561,126,-0.0302556573175016,474,0.00213064133387575,325.323258091063,0.491519565539416,1152,"exp200309","D09","D",9,40000,"M1",2,"VAN-208",0.00464343827067054,FALSE,FALSE,FALSE,0,0,0,FALSE,"8",0,"Died",1,TRUE,NA,NA,FALSE,0,NA,NA,"index",NA
"BPH2976","exp200219_P1_D11",34.9665489490713,1152,0.658528502027545,228,0.00327163112962026,1119,0.00149514490902069,468.650919628345,0.658528502027545,1152,"exp200219","D11","D",6.5,40000,"P1",2.5,"VAN-216",0.0750765440500359,FALSE,FALSE,FALSE,0,0,0,FALSE,"-",1,"Survived",1,TRUE,NA,NA,FALSE,0,NA,NA,"index",NA
"BPH2977","exp200219_P1_B11",59.7639445379691,1152,1.1181552506595,222,0.0525508158123818,1026,0.00252154584608561,355.980479044894,1.1181552506595,1152,"exp200219","B11","B",11,40000,"P1",2,"VAN-216",0.0603276474311283,FALSE,FALSE,FALSE,0,0.0336787564766839,0,FALSE,"-",1,NA,0,TRUE,0,0,FALSE,0.5,"Persistent",3,"paired-invasive",NA
"BPH2978","exp200219_P1_B06",77.586745938086,1152,1.12241084659143,210,0.0103926952579304,798,0.00197430000174538,351.085032643047,1.12241084659143,1152,"exp200219","B06","B",5,40000,"P1",2,"VAN-216",0.0425942327147061,FALSE,FALSE,FALSE,0,0,0,FALSE,"-",1,NA,0,TRUE,0,1,FALSE,0,"Persistent",6,"paired-invasive","fabF"
"BPH2979","exp200219_P1_B04",62.9219783240696,1152,1.08346565897279,162,-0.0457230545518356,810,0.00170764643937995,405.907900239367,1.08346565897279,1152,"exp200219","B04","B",4,40000,"P1",2,"VAN-216",0.0611408256032728,FALSE,FALSE,FALSE,0,0,0,FALSE,"-",1,NA,0,TRUE,0,1,FALSE,0.5,"Persistent",8,"paired-invasive",NA
"BPH2980","exp200219_P1_C04",36.6130426725643,1152,0.732464581386311,210,-0.084184848073873,888,0.00131087541504199,528.766633812981,0.732464581386311,1152,"exp200219","C04","C",4,40000,"P1",2,"VAN-216",0.0716133452614683,FALSE,FALSE,FALSE,0,0,0,FALSE,"-",1,NA,0,TRUE,0,2,FALSE,0,"Persistent",12,"paired-invasive","bcr_1 / pepS"
"BPH2981","exp200219_P1_B08",81.511328330157,1152,1.28609295661472,150,-0.0379652153295687,888,0.0020069532673155,345.372855386463,1.28609295661472,1152,"exp200219","B08","B",8,40000,"P1",2,"VAN-216",0.04385092985504,FALSE,FALSE,FALSE,0,0,0,FALSE,"-",1,NA,0,TRUE,0,12,FALSE,0.5,NA,5,"paired-colonising","gpsA / lepA / blaZ / hypothetical protein"
"BPH2982","exp200219_P1_C03",30.5451480907533,1152,0.510263920027777,198,-0.0380739783543629,798,0.00101017596553175,686.164791294633,0.510263920027777,1152,"exp200219","C03","C",6,40000,"P1",2,"VAN-216",0.023262812783152,FALSE,FALSE,FALSE,0,0,0,FALSE,"-",1,NA,0,TRUE,0,17,FALSE,1,NA,-139,"paired-colonising","gpsA / hypothetical protein / rny"
"BPH3225","exp200309_M1_A11",51.6644290813281,1002,0.503534810449354,120,-0.0173044874173799,522,0.00131134005608853,528.579278381436,0.471652000072034,1152,"exp200309","A11","A",6,40000,"M1",2,"VSS-026",0.0568410324857742,FALSE,FALSE,FALSE,0,0,0,FALSE,"-",0,"Died",NA,NA,NA,NA,NA,NA,NA,NA,NA,NA
"BPH3252","exp200309_M1_D04",144.219229634385,1152,1.50789325136309,72,-0.0155350929105347,648,0.00221104921961503,313.49242450633,1.50789325136309,1152,"exp200309","D04","D",4,40000,"M1",2,"VSS-053",0.0274964967447784,FALSE,FALSE,FALSE,0,0,0,FALSE,"5",1,"Died",NA,NA,NA,NA,NA,NA,NA,NA,NA,NA
"BPH3276","exp200309_M1_C07",30.6328464903266,1152,0.208583646944626,120,0.0971299894884228,348,0.000463830648505876,1494.3971097916,0.208583646944626,1152,"exp200309","C07","C",7,40000,"M1",2,"VSS-077",0.0341541506863603,FALSE,FALSE,FALSE,0,0,0,FALSE,"239",1,"Died",NA,NA,NA,NA,NA,NA,NA,NA,NA,NA
"BPH3306","exp200309_M1_C02",62.5570249203655,1152,0.905521266640563,156,-0.0234815407182928,834,0.00136501348952158,507.795114026956,0.905521266640563,1152,"exp200309","C02","C",2,40000,"M1",2,"VSS-107",0.0238312558386894,FALSE,FALSE,FALSE,0,0,0,FALSE,"239",1,"Died",NA,NA,NA,NA,NA,NA,NA,NA,NA,NA
"BPH3328","exp200309_M1_B08",38.2811677855687,1152,0.521662593112199,156,-0.0318019412773092,738,0.00109893034067432,630.747150119289,0.521662593112199,1152,"exp200309","B08","B",7,40000,"M1",2,"VSS-129",0.0194202806293851,FALSE,FALSE,FALSE,0,0,0,FALSE,"239",1,"Died",NA,NA,NA,NA,NA,NA,NA,NA,NA,NA
"BPH3336","exp200226_P2_C02",140.421214093648,1152,0.926614649429959,0,-0.0473870596609879,216,0.004275298244658,162.128380499778,0.92174469110409,1152,"exp200226","C02","C",3,40000,"P2",2,"VSS-137",0.00726582828184415,FALSE,FALSE,FALSE,0,0,0,FALSE,"5",1,"Survived",1,TRUE,NA,NA,FALSE,0,NA,NA,"index",NA
"BPH3337","exp200226_P2_B07",86.6731929849708,840,0.703724274363853,114,-0.0283297696600356,324,0.00234729111197465,295.296640891227,0.578086657439759,1152,"exp200226","B07","B",7,40000,"P2",2,"VSS-138",0.0243946976019207,FALSE,FALSE,FALSE,0,0,0,FALSE,"8",0,"Survived",1,TRUE,NA,NA,FALSE,0,NA,NA,"index",NA
"BPH3350","exp200309_M1_A04",74.9464311662064,780,0.631249529139799,90,-0.0281879206168639,294,0.00148633713935656,466.345866093348,0.504028074195111,1152,"exp200309","A04","A",9,40000,"M1",2,"VSS-151",0.0246388917188532,FALSE,FALSE,FALSE,0,0,0,FALSE,"45",0,"Died",NA,NA,NA,NA,NA,NA,NA,NA,NA,NA
"BPH3358","exp200309_M1_A02",99.8732507826498,789,0.801575283715356,72,0.0221617398529863,408,0.0019573966862721,357.750188806237,0.701392942347658,1152,"exp200309","A02","A",7,40000,"M1",2.5,"VSS-159",0.0456770980555785,FALSE,FALSE,FALSE,0,0,0,FALSE,"30",1,"Died",NA,NA,NA,NA,NA,NA,NA,NA,NA,NA
"BPH3360","exp200309_M1_B11",37.7175004525182,1152,0.466692869295045,144,0.00215980972658045,798,0.000649666740835037,1066.92729824682,0.466692869295045,1152,"exp200309","B11","B",5,40000,"M1",2,"VSS-161",0.0386107998131507,FALSE,FALSE,FALSE,0,0,0,FALSE,"239",1,"Died",NA,NA,NA,NA,NA,NA,NA,NA,NA,NA
"BPH3361","exp200309_M1_A06",107.18769957465,810,0.951083895105767,102,-0.0136098218163794,546,0.00199238345379622,347.89848271388,0.811070337995252,1152,"exp200309","A06","A",7,40000,"M1",2,"VSS-162",0.035044778471258,FALSE,FALSE,FALSE,0,0,0,FALSE,"8",0,"Died",NA,NA,NA,NA,NA,NA,NA,NA,NA,NA
"BPH3367","exp200309_M1_F03",33.3089436685525,780,0.307484820689769,138,-0.0481273332245544,456,0.00102421748943701,676.75780555256,0.254365472036204,1152,"exp200309","F03","F",6,40000,"M1",2,"VSS-170",0.0315846795335474,FALSE,FALSE,FALSE,0,0,0,FALSE,"101",0,"Died",NA,NA,NA,NA,NA,NA,NA,NA,NA,NA
"BPH3383","exp200309_M1_A10",35.1675974533336,1152,0.301414134051154,90,0.0370604777852925,228,0.000602654179495387,1150.15742716715,0.301414134051154,1152,"exp200309","A10","A",10,40000,"M1",2,"VSS-186",0.0276398408038553,FALSE,FALSE,FALSE,0,0,0,FALSE,"199",0,"Died",NA,NA,NA,NA,NA,NA,NA,NA,NA,NA
"BPH3384","exp200309_M1_A12",12.9686102919544,1152,0.0994590216332066,150,-0.00374087799127368,270,0.000150999325098796,4590.39919619794,0.0994590216332066,1152,"exp200309","A12","A",11,40000,"M1",2,"VSS-187",0.0138205327382453,FALSE,FALSE,FALSE,0,0,0,FALSE,"22",1,"Died",NA,NA,NA,NA,NA,NA,NA,NA,NA,NA
"BPH3394","exp200309_M1_C08",2.18928565417235,1152,0.057971063758125,162,-0.0434270549898578,366,0.000209819746363019,3303.53645247811,0.057971063758125,1152,"exp200309","C08","C",9,40000,"M1",2,"VSS-197",0.0229381720537077,FALSE,FALSE,FALSE,0,0,0,FALSE,"239",1,"Died",NA,NA,NA,NA,NA,NA,NA,NA,NA,NA
"BPH3396","exp200309_M1_A09",40.8884869679353,1152,0.295682271757697,90,0.0379778363642185,270,0.000862318257756869,803.818282084175,0.295682271757697,1152,"exp200309","A09","A",9,40000,"M1",2,"VSS-199",0.0239483897566859,FALSE,FALSE,FALSE,0,0,0,FALSE,"22",1,"Died",NA,NA,NA,NA,NA,NA,NA,NA,NA,NA
"BPH3412","exp200309_M1_E03",118.985207418521,399,0.804605739323783,0,-0.0582602198456389,207,0.00404994545508672,171.161679223764,0.680603006150024,1152,"exp200309","E03","E",2.5,40000,"M1",1.5,"VSS-216",0.0207359389575032,FALSE,FALSE,FALSE,0,0,0,FALSE,"5",0,"Died",NA,NA,NA,NA,NA,NA,NA,NA,NA,NA
"BPH3416","exp200309_M1_C06",117.247327100619,1056,1.25400055253066,84,-0.0488970691125328,684,0.00217640058090395,318.483273089393,1.239289460708,1152,"exp200309","C06","C",6,40000,"M1",2,"VSS-220",0.0187187836756448,FALSE,FALSE,FALSE,0,0,0,FALSE,"5",0,"Died",NA,NA,NA,NA,NA,NA,NA,NA,NA,NA
"BPH3423","exp200309_M1_C03",134.93489404412,1134,1.2022015061782,60,-0.0181501777818941,336,0.00242777736696071,285.511866767164,1.20203935048556,1152,"exp200309","C03","C",3.5,40000,"M1",2,"VSS-227",0.031862585174486,FALSE,FALSE,FALSE,0,0,0,FALSE,"20",0,"Died",0,TRUE,0,0,FALSE,-0.5,"Unknown",8,"paired-invasive",NA
"BPH3425","exp200309_M1_B10",106.44848789907,744,0.929605223852894,96,-0.0175723591274951,462,0.00255977522123692,270.784393414437,0.689617342923614,1152,"exp200309","B10","B",10,40000,"M1",2,"VSS-229",0.0350430612353258,FALSE,FALSE,FALSE,0,0,0,FALSE,"6",0,"Died",NA,NA,NA,NA,NA,NA,NA,NA,NA,NA
"BPH3427","exp200226_P2_C11",48.3020459150475,726,0.351911306579931,36,0.0442806943934381,276,0.000961574526519031,720.846030592332,0.351911306579931,1152,"exp200226","C11","C",7,40000,"P2",2,"VSS-231",0.00420236073411499,FALSE,FALSE,FALSE,0,0,0,FALSE,"22",1,"Survived",1,TRUE,NA,NA,FALSE,0,NA,NA,"index",NA
"BPH3433","exp200309_M1_B01",21.9591432832497,990,0.162792997686795,171,0.0455914108533345,390,0.000271518522018252,2684.27782479663,0.153643221878256,1152,"exp200309","B01","B",2,40000,"M1",1.5,"VSS-237",0.0848135038783028,FALSE,FALSE,FALSE,0,0,0,FALSE,"239",1,"Died",1,TRUE,NA,NA,FALSE,0,NA,NA,"index",NA
"BPH3448","exp200309_M1_B05",110.63119613168,828,0.857389224021364,36,-0.0367357438805024,450,0.00191353472320638,362.233918284214,0.781450684717727,1152,"exp200309","B05","B",2,40000,"M1",2,"VSS-252",0.0525360343486948,FALSE,FALSE,FALSE,0,0,0,FALSE,"30",0,"Died",NA,NA,NA,NA,NA,NA,NA,NA,NA,NA
"BPH3451","exp200309_M1_F05",57.9604344730586,1152,0.727154172791607,162,-0.0249438047734951,756,0.00116990608402314,592.481046150567,0.727154172791607,1152,"exp200309","F05","F",5,40000,"M1",2,"VSS-255",0.0329152593630588,FALSE,FALSE,FALSE,0,0,0,FALSE,"239",1,"Died",NA,NA,NA,NA,NA,NA,NA,NA,NA,NA
"BPH3453","exp200309_M1_A08",89.1801805167263,1152,1.12523490999151,120,0.0113426173633412,786,0.00150381223822719,460.926678836636,1.12523490999151,1152,"exp200309","A08","A",8,40000,"M1",2,"VSS-257",0.0611410811138646,FALSE,FALSE,FALSE,0,0,0,FALSE,"239",1,"Died",1,FALSE,NA,NA,FALSE,0,NA,NA,"index",NA
"BPH3455","exp200313_M2_A03",140.549185920672,702,1.02833497042477,0,0.0454342281877548,204,0.00249579655374919,277.725834471043,0.850344920979108,1152,"exp200313","A03","A",7,40000,"M2",2,"VSS-259",0.0594361650070858,FALSE,FALSE,FALSE,0,0,0,FALSE,"239",1,"Died",NA,NA,NA,NA,NA,NA,NA,NA,NA,NA
"BPH3478","exp200313_M2_H07",146.868688803422,810,1.16465633446206,15,0.0410146354652241,366,0.00252401767412839,278.349249196683,1.07524304594389,1152,"exp200313","H07","H",8,40000,"M2",1.5,"VSS-282",0.0394156086495957,FALSE,FALSE,FALSE,0,0,0,FALSE,"6",0,"Died",NA,NA,NA,NA,NA,NA,NA,NA,NA,NA
"BPH3483","exp200313_M2_B02",55.9643559525369,876,0.52378767569402,138,0.00874580328941029,522,0.00121889982841075,568.666238524046,0.442471502606376,1152,"exp200313","B02","B",3,40000,"M2",2,"VSS-287",0.021277684969211,FALSE,FALSE,FALSE,0,0,0,FALSE,"239",1,"Died",NA,NA,NA,NA,NA,NA,NA,NA,NA,NA
"BPH3504","exp200313_M2_E08",237.763085668647,552,1.7772430666935,0,-0.0650577332183796,210,0.00732208328519112,94.6652958676163,1.0593401090818,1152,"exp200313","E08","E",8,40000,"M2",2,"VSS-308",0.0431778520610724,FALSE,FALSE,FALSE,0,0,0,FALSE,"78",0,"Died",NA,NA,NA,NA,NA,NA,NA,NA,NA,NA
"BPH3506","exp200313_M2_A07",168.882585043632,480,1.0736253867058,0,0.181822196771139,168,0.00295321584512599,234.709285372392,0.74211621204825,1152,"exp200313","A07","A",7,40000,"M2",2,"VSS-310",0.067042433062018,FALSE,FALSE,FALSE,0,0,0,FALSE,"45",0,"Died",NA,NA,NA,NA,NA,NA,NA,NA,NA,NA
"BPH3515","exp200313_M2_D09",48.33827095481,1152,0.505642858217663,138,0.0144494699441343,330,0.000756623362181108,916.105971882522,0.505642858217663,1152,"exp200313","D09","D",9,40000,"M2",2,"VSS-319",0.0474108791960896,FALSE,FALSE,FALSE,0,0,0,FALSE,"22",1,"Died",NA,NA,NA,NA,NA,NA,NA,NA,NA,NA
"BPH3521","exp200313_M2_A11",214.860206710992,390,1.55139481579813,0,0.0709755319465125,144,0.00591032008640697,117.277435134875,0.905227950076957,1152,"exp200313","A11","A",6,40000,"M2",2,"VSS-325",0.0376994462967569,FALSE,FALSE,FALSE,0,0,0,FALSE,"-",1,"Died",NA,NA,NA,NA,NA,NA,NA,NA,NA,NA
"BPH3525","exp200313_M2_D04",141.779772145282,876,1.24607955803342,111,-0.00112339696559891,402,0.00312396501572214,222.842082830928,1.11983405281585,1152,"exp200313","D04","D",7,40000,"M2",2,"VSS-329",0.0403563753163665,FALSE,FALSE,FALSE,0,0,0,FALSE,"239",1,"Died",NA,NA,NA,NA,NA,NA,NA,NA,NA,NA
"BPH3533","exp200313_M2_C07",166.324068734845,288,1.26140580416868,0,0.338201177025385,54,0.00471977371040735,146.860257099089,0.525505692183256,1152,"exp200313","C07","C",7,40000,"M2",2,"VSS-337",0.0207240916988131,FALSE,FALSE,FALSE,0,0,0,FALSE,"239",1,"Died",NA,NA,NA,NA,NA,NA,NA,NA,NA,NA
"BPH3535","exp200226_P2_E02",75.0309365162263,1152,0.978227179805573,165,0.0269129599704065,825,0.00168470928694861,411.731232794718,0.978227179805573,1152,"exp200226","E02","E",2,40000,"P2",2,"VSS-339",0.0200908624251303,FALSE,FALSE,FALSE,0,0,0,FALSE,"239",1,"Survived",1,TRUE,NA,NA,FALSE,0,NA,NA,"index",NA
"BPH3541","exp200313_M2_C02",150.983050867572,402,1.18264999900869,0,0.113820572278433,138,0.00381261787992,181.803475299888,0.561622631560358,1152,"exp200313","C02","C",2,40000,"M2",2,"VSS-345",0.127915051388719,FALSE,FALSE,FALSE,0,0,0,FALSE,"239",1,"Died",NA,NA,NA,NA,NA,NA,NA,NA,NA,NA
"BPH3549","exp200313_M2_B08",76.1192148748055,672,0.578459601517076,96,0.0550759089458919,360,0.00151644781114244,457.086076729376,0.426740429588081,1152,"exp200313","B08","B",7,40000,"M2",2,"VSS-353",0.0680988222728229,FALSE,FALSE,FALSE,0,0,0,FALSE,"239",1,"Died",NA,NA,NA,NA,NA,NA,NA,NA,NA,NA
"BPH3560","exp200313_M2_A04",92.0239919287325,900,0.633925596170865,0,-0.0209158689397967,222,0.00157276216274134,440.719644063526,0.594712227572344,1152,"exp200313","A04","A",9,40000,"M2",2,"VSS-367",0.0488638528824558,FALSE,FALSE,FALSE,0,0,0,FALSE,"8",0,"Died",NA,NA,NA,NA,NA,NA,NA,NA,NA,NA
"BPH3563","exp200313_M2_A02",89.5291235281177,978,0.682474497694721,0,-0.0871646607715046,216,0.00195466770044699,354.611262262858,0.681758434873491,1152,"exp200313","A02","A",4,40000,"M2",2,"VSS-370",0.0328219511238797,FALSE,FALSE,FALSE,0,0,0,FALSE,"20",0,"Died",NA,NA,NA,NA,NA,NA,NA,NA,NA,NA
"BPH3572","exp200313_M2_B11",241.717931962928,513,1.56251416345073,0,0.159147623210231,123,0.00480637508513253,144.429038884996,1.11855314713857,1152,"exp200313","B11","B",8,40000,"M2",2,"VSS-379",0.0579470354644644,FALSE,FALSE,FALSE,0,0,0,FALSE,"78",1,"Died",NA,NA,NA,NA,NA,NA,NA,NA,NA,NA
"BPH3594","exp200313_M2_A06",88.4054211493018,942,0.64331873322524,0,0.0778093493268156,252,0.00138199724731332,501.554675240825,0.574123229995715,1152,"exp200313","A06","A",7,40000,"M2",2,"VSS-403",0.0278664713113175,FALSE,FALSE,FALSE,0,0,0,FALSE,"22",1,"Died",NA,NA,NA,NA,NA,NA,NA,NA,NA,NA
"BPH3617","exp200313_M2_F03",190.114634411818,462,1.38698572256731,0,-0.126964023895742,228,0.00573303871234986,120.903976989864,0.923872147180935,1152,"exp200313","F03","F",6,40000,"M2",2,"VSS-436",0.00619199106671584,FALSE,FALSE,FALSE,0,0,0,FALSE,"45",0,"Died",NA,NA,NA,NA,NA,NA,NA,NA,NA,NA
"BPH3627","exp200313_M2_A10",188.411548868886,576,1.33147034476991,0,-0.128694329789776,204,0.00563266020158553,123.058582579654,0.905429803229194,1152,"exp200313","A10","A",10,40000,"M2",2,"VSS-446",0.0259008555900027,FALSE,FALSE,FALSE,0,0,0,FALSE,"5",0,"Died",NA,NA,NA,NA,NA,NA,NA,NA,NA,NA
"BPH3644","exp200313_M2_A12",140.65488176818,954,1.10653705414536,0,0.0220586416522166,336,0.00272295901725205,254.556596764154,1.03883071119051,1152,"exp200313","A12","A",11,40000,"M2",2,"VSS-463",0.0502229769122975,FALSE,FALSE,FALSE,0,0,0,FALSE,"239",1,"Died",NA,NA,NA,NA,NA,NA,NA,NA,NA,NA
"BPH3646","exp200313_M2_C08",125.213064046335,996,0.879830539697843,0,0.024743942595462,234,0.00233408304523403,297.236064126913,0.853288727220808,1152,"exp200313","C08","C",8.5,40000,"M2",1.5,"VSS-465",0.0820339319445427,FALSE,FALSE,FALSE,0,0,0,FALSE,"239",1,"Died",NA,NA,NA,NA,NA,NA,NA,NA,NA,NA
"BPH3676","exp200313_M2_A09",122.368420150348,912,0.877798556578822,0,0.026828856623413,294,0.0024713084774789,280.477806342921,0.828997959726194,1152,"exp200313","A09","A",9,40000,"M2",2,"VSS-497",0.0553365927068305,FALSE,FALSE,FALSE,0,0,0,FALSE,"239",1,"Died",NA,NA,NA,NA,NA,NA,NA,NA,NA,NA
"BPH3680","exp200313_M2_E03",107.035538271337,1008,0.829880118022181,54,0.0466719465320168,420,0.00206967436193953,334.906395569584,0.814768286237773,1152,"exp200313","E03","E",3,40000,"M2",2,"VSS-503",0.0606450727089955,FALSE,FALSE,FALSE,0,0,0,FALSE,"239",1,"Died",NA,NA,NA,NA,NA,NA,NA,NA,NA,NA
"BPH3681","exp200313_M2_C06",182.576029287884,378,1.41478383410255,0,-0.0861514360071158,174,0.00674424722622209,102.77606340778,0.719742159797206,1152,"exp200313","C06","C",6,40000,"M2",2,"VSS-504",0.0278784676303217,FALSE,FALSE,FALSE,0,0,0,FALSE,"-",0,"Died",NA,NA,NA,NA,NA,NA,NA,NA,NA,NA
"BPH3690","exp200313_M2_A01",43.9537652804054,966,0.423384060396096,180,0.0443862848050508,348,0.0011013460686865,629.363648963323,0.404345512168671,1152,"exp200313","A01","A",3,40000,"M2",2,"VSS-515",0.0514740512765202,FALSE,FALSE,FALSE,0,0,0,FALSE,"22",1,"Died",1,TRUE,NA,NA,FALSE,0,NA,NA,"index",NA
"BPH3698","exp200313_M2_B10",133.474008128139,909,1.11624529467913,87,-0.0292600317962019,369,0.00315393375555242,222.605961190745,0.992953011469508,1152,"exp200313","B10","B",6,40000,"M2",1.5,"VSS-531",0.00492712917949882,FALSE,FALSE,FALSE,0,0,0,FALSE,"239",1,"Died",NA,NA,NA,NA,NA,NA,NA,NA,NA,NA
"BPH3706","exp200226_P2_B11",53.5406787818864,1152,0.608737506898544,150,0.0452213747561995,354,0.00104731422436584,661.833062545916,0.608737506898544,1152,"exp200226","B11","B",11,40000,"P2",2,"VSS-541",0.0182259908960602,FALSE,FALSE,FALSE,0,0,0,FALSE,"239",1,"Survived",1,TRUE,NA,NA,FALSE,0,NA,NA,"index",NA
"BPH3708","exp200313_M2_B01",53.9152389088316,792,0.393594802303337,72,0.131305680506187,420,0.000738675174077841,938.365339576042,0.307605576984885,1152,"exp200313","B01","B",3,40000,"M2",2,"VSS-543",0.0229390960954985,FALSE,FALSE,FALSE,0,0,0,FALSE,"239",1,"Died",NA,NA,NA,NA,NA,NA,NA,NA,NA,NA
"BPH3712","exp200313_M2_B05",127.238133124734,942,1.02136528747178,0,0.0476414880007003,366,0.00286271267254733,242.129497384438,0.957671860340868,1152,"exp200313","B05","B",2,40000,"M2",2,"VSS-547",0.0174677050465801,FALSE,FALSE,FALSE,0,0,0,FALSE,"239",1,"Died",NA,NA,NA,NA,NA,NA,NA,NA,NA,NA
"BPH3723","exp200313_M2_F05",144.852835711727,636,1.13123558266884,0,-0.111939843279482,222,0.00352765480905572,196.489514444721,0.759619225809649,1152,"exp200313","F05","F",5,40000,"M2",2,"VSS-558",0.0209721249972317,FALSE,FALSE,FALSE,0,0,0,FALSE,"1160",0,"Died",NA,NA,NA,NA,NA,NA,NA,NA,NA,NA
"BPH3725","exp200313_M2_A08",20.8595825987479,1152,0.190029095913123,144,0.0115168828481157,324,0.00033193112843633,2088.22590344341,0.190029095913123,1152,"exp200313","A08","A",8,40000,"M2",2,"VSS-560",0.0794597173277912,FALSE,FALSE,FALSE,0,0,0,FALSE,"97",0,"Died",NA,NA,NA,NA,NA,NA,NA,NA,NA,NA
"BPH3733","exp200226_P2_B06",9.47850960339542,1152,0.129766771765724,234,-0.00890486680194484,510,0.000326592521709033,2122.36084565795,0.129766771765724,1152,"exp200226","B06","B",5,40000,"P2",2,"VSS-137",0.0198205610864389,FALSE,FALSE,FALSE,0,0,0,FALSE,"5",1,NA,0,TRUE,0,2,TRUE,0.5,"Persistent",14,"paired-invasive","hypothetical protein / ywlC"
"BPH3734","exp200226_P2_B04",81.9180464926778,816,0.661650981283893,102,-0.0397912111443889,312,0.00215157068000875,322.158684815842,0.591988248539559,1152,"exp200226","B04","B",4,40000,"P2",2,"VSS-138",0.0273662967741912,FALSE,FALSE,FALSE,0,0,0,FALSE,"8",0,NA,0,TRUE,0,4,FALSE,0,"Relapse (on treatment)",7,"paired-invasive","isdH / sdrD_2"
"BPH3747","exp200226_P2_C04",61.8144905329452,582,0.43979466019968,6,0.0244408332871615,258,0.00140132013313266,494.638708294593,0.342691227648063,1152,"exp200226","C04","C",4,40000,"P2",2,"VSS-231",0.0244726249219211,FALSE,FALSE,FALSE,0,0,0,FALSE,"22",1,NA,0,TRUE,0,1,FALSE,0,"Unknown",8,"paired-invasive","gsiD_2"
"BPH3752","exp200226_P2_B08",77.493451004796,1152,0.931731576408455,126,-0.00533561185839977,420,0.0016145018777455,429.32571966275,0.931731576408455,1152,"exp200226","B08","B",8,40000,"P2",2,"VSS-339",0.0385082721264813,FALSE,FALSE,FALSE,0,0,0,FALSE,"239",1,NA,0,TRUE,0,0,FALSE,1,"Relapse (on treatment)",23,"paired-invasive",NA
"BPH3757","exp200226_P2_C03",5.16834827358812,1152,0.0855287424801142,180,-0.0157738889096245,630,0.000168659643316348,4109.73939545121,0.0855287424801142,1152,"exp200226","C03","C",6,40000,"P2",2,"VSS-541",0.0276067383828764,FALSE,FALSE,FALSE,0,0,0,FALSE,"239",1,NA,0,TRUE,0,1,FALSE,0,"Unknown",36,"paired-invasive","agrA"
"Complete lysis","exp191107_2_H10",319.07550340527,54,2.07021957323919,1152,1.4510958683312,0,0.000633687012942752,282.264918388637,1.4510958683312,1152,"exp191107","H10","H",11,40000,"2",2,"CONTROL",0.599504177683264,FALSE,FALSE,FALSE,0,0,0,FALSE,NA,NA,NA,NA,NA,NA,NA,NA,NA,NA,NA,NA,NA
"JE2","exp190831_2_C12",118.396171152567,702,1.00175602997565,102,-0.00259592103662162,420,0.00314138641337324,220.650085455625,0.762886947118873,1152,"exp190831","C12","C",6,40000,"2",2,"CONTROL",0.0810133778125307,FALSE,FALSE,FALSE,0,0,0,FALSE,"8",1,NA,NA,NA,NA,NA,FALSE,NA,NA,NA,NA,NA
"Non infected","exp190831_2_A05",1.33827851956053,1152,0.0590852959441604,186,-0.038169218030589,678,0.000180604983471322,3837.93809896888,0.05617287530275,1152,"exp190831","A05","A",6,40000,"2",2,"CONTROL",0.165844963865542,FALSE,FALSE,FALSE,0,0,0,FALSE,NA,NA,NA,NA,NA,NA,NA,NA,NA,NA,NA,NA,NA
"TOX-4","exp190831_2_B06",2.91697147722447,1152,0.0782910776110316,198,-0.040065817970917,546,0.000178705002681544,3878.72286818488,0.0691358588532358,1152,"exp190831","B06","B",6,40000,"2",2,"CONTROL",0.119294788661165,FALSE,FALSE,FALSE,0,0,0,FALSE,NA,NA,NA,NA,NA,NA,NA,NA,NA,NA,NA,NA,NA
