"sample_id","well_id","time_of_max_rate_OD","max_rate_OD","doubling_time_OD","AUC_OD","time_of_max_OD","max_OD","time_of_min_OD","min_OD","end_point_OD","end_point_timepoint_OD","experiment","well","plate","replicate","sd","outlier_sd","outlier_mad","outlier_tukey","proportion_outlier_sd","proportion_outlier_mad","proportion_outlier_tukey","outlier_curve","strain_group","ST","mecA","mortality","intrahost_index","included","unrelated_to_index","mut_count","scv","vanco_difference","persister_type","intrahost_sampledelay","sample_type","genes"
"BPH2700","exp191116_1_A03",270,0.0263028366697045,26.3778482200158,121.4948666665,840,5.83297128380733,60,0.00981728577448714,5.75027019909819,930,"exp191116","A03","1",1.5,0.0459526488909649,FALSE,FALSE,FALSE,0,0,0,FALSE,"VAN-001","78",1,"Survived",1,FALSE,NA,NA,FALSE,0,NA,NA,"index",NA
"BPH2701","exp191116_1_H07",240,0.0387209302629984,18.4990063328876,130.8075,810,6.08179239838878,45,0.0141222083544769,6.06142915271426,930,"exp191116","H07","1",1.5,0.0174737898961082,FALSE,FALSE,FALSE,0,0,0,FALSE,"VAN-001","22",1,NA,0,FALSE,1,NA,FALSE,0,NA,1,"paired-colonising",NA
"BPH2702","exp191116_1_B02",240,0.0268990512487165,25.7718225245773,126.346977777667,930,5.8339101759289,40,0.00347093894184739,5.8339101759289,930,"exp191116","B02","1",2,0.0122493236342378,FALSE,FALSE,FALSE,0,0,0,FALSE,"VAN-002","15",0,"Survived",NA,NA,NA,NA,NA,NA,NA,NA,NA,NA
"BPH2703","exp191116_1_E08",230,0.0287039561059198,24.1510698307843,129.622577777667,930,6.11361676357744,70,5.0070549001687e-05,6.11361676357744,930,"exp191116","E08","1",2,0.0167431578064992,FALSE,FALSE,FALSE,0,0,0,FALSE,"VAN-003","8",0,"Survived",NA,NA,NA,NA,NA,NA,NA,NA,NA,NA
"BPH2704","exp191116_1_A07",240,0.0270547785959006,25.6715284021119,127.336333333333,800,5.9243562231199,25,-0.0802697249353133,5.86388909055652,930,"exp191116","A07","1",2,0.14588762798812,FALSE,FALSE,FALSE,0,0,0,FALSE,"VAN-004","93",1,"Survived",1,TRUE,NA,NA,FALSE,0,NA,NA,"index",NA
"BPH2705","exp191116_1_D09",260,0.0269315546345374,25.8256574195136,121.754666666667,880,6.00207779376811,40,-0.0720794401309756,5.93811455021756,930,"exp191116","D09","1",2,0.138805499410746,FALSE,FALSE,FALSE,0,0,0,FALSE,"VAN-004","93",1,NA,0,TRUE,0,0,FALSE,0,"Persistent",10,"paired-invasive",NA
"BPH2706","exp191116_1_A11",240,0.0270033967655639,25.6851335919925,122.275,800,5.67174703438734,30,0.00727756213144504,5.60152378158297,930,"exp191116","A11","1",2,0.0023094010767585,FALSE,FALSE,FALSE,0,0,0,FALSE,"VAN-005","508",0,"Survived",NA,NA,NA,NA,NA,NA,NA,NA,NA,NA
"BPH2707","exp191116_1_D04",220,0.0274449769513896,25.2799663009569,130.39,930,5.89805950898624,30,0.0117073711909789,5.89805950898624,930,"exp191116","D04","1",2,0.0055075705472861,FALSE,FALSE,FALSE,0,0,0,FALSE,"VAN-006","8",0,"Survived",NA,NA,NA,NA,NA,NA,NA,NA,NA,NA
"BPH2708","exp191116_1_C07",195,0.0293730534216654,23.6015643743418,140.123,765,6.08693939972355,30,0.022548898918376,6.05076343885925,930,"exp191116","C07","1",1.5,0.0346987031457949,FALSE,FALSE,FALSE,0,0,0,FALSE,"VAN-007","97",0,"Survived",1,TRUE,NA,NA,FALSE,0,NA,NA,"index",NA
"BPH2709","exp191116_1_C02",220,0.0292250397190831,23.7188706921148,137.339333333333,810,6.17309957723386,40,0.0142333901061499,6.14801994011858,930,"exp191116","C02","1",2,0.019672315572906,FALSE,FALSE,FALSE,0,0,0,FALSE,"VAN-007","97",0,NA,0,TRUE,0,0,FALSE,0.5,"Persistent",5,"paired-invasive",NA
"BPH2710","exp191116_1_B08",300,0.0248539394238893,27.8923471362819,117.553444444333,930,6.28576521818854,30,0.00677584373971144,6.28576521818854,930,"exp191116","B08","1",2,0.009,FALSE,FALSE,FALSE,0,0,0,FALSE,"VAN-008","239",1,"Died",NA,NA,NA,NA,NA,NA,NA,NA,NA,NA
"BPH2711","exp191116_1_A04",230,0.0277980742413625,24.9376534954875,125.232333333333,820,5.6605797059677,0,0.0145316181506509,5.6028672707566,930,"exp191116","A04","1",2,0.00702376916856849,FALSE,FALSE,FALSE,0,0,0,FALSE,"VAN-009","22",0,"Died",NA,NA,NA,NA,NA,NA,NA,NA,NA,NA
"BPH2712","exp191116_1_A02",300,0.0266911945883373,25.9793181230044,109.5469,760,5.5009893833039,120,-0.0207901595373001,5.3557585886864,930,"exp191116","A02","1",2,0.0206639783197718,FALSE,FALSE,FALSE,0,0,0,FALSE,"VAN-010","15",0,"Survived",NA,NA,NA,NA,NA,NA,NA,NA,NA,NA
"BPH2713","exp191116_1_B11",420,0.0189154591713499,36.6695696414985,82.5811666666667,880,5.24625157716732,90,0.0218124786278998,5.02685594349508,930,"exp191116","B11","1",2,0.0263122278291545,FALSE,FALSE,FALSE,0,0,0,FALSE,"VAN-011","45",0,"Survived",NA,NA,NA,NA,NA,NA,NA,NA,NA,NA
"BPH2714","exp191116_1_B07",540,0.0212254512855041,32.6572544200353,67.1156,930,5.32919493364369,105,-0.00653856367949575,5.32919493364369,930,"exp191116","B07","1",2.5,0.0172433562085034,FALSE,FALSE,FALSE,0,0,0,FALSE,"VAN-011","45",0,NA,NA,NA,NA,NA,NA,NA,NA,NA,NA,NA
"BPH2715","exp191116_1_F07",405,0.0281010757712262,24.7445972570346,89.244,930,5.42954687229228,75,0.0031405262566562,5.42954687229228,930,"exp191116","F07","1",2,0.015,FALSE,FALSE,FALSE,0,0,0,FALSE,"VAN-012","5",0,"Survived",NA,NA,NA,NA,NA,NA,NA,NA,NA,NA
"BPH2716","exp191116_1_A10",220,0.0277174291969898,25.0149935996322,127.616333333333,820,5.7026009411266,40,0.0206489025218365,5.61767851943299,930,"exp191116","A10","1",2,0.02343074902772,FALSE,FALSE,FALSE,0,0,0,FALSE,"VAN-013","5",1,"Survived",NA,NA,NA,NA,NA,NA,NA,NA,NA,NA
"BPH2717","exp191116_1_A12",240,0.0258242310146234,26.8499695172998,124.989333333333,720,5.77904644383086,50,0.0350973967119537,5.64578824034352,930,"exp191116","A12","1",2,0.0504017195473858,FALSE,FALSE,FALSE,0,0,0,FALSE,"VAN-014","45",0,"Survived",NA,NA,NA,NA,NA,NA,NA,NA,NA,NA
"BPH2718","exp191116_1_C08",920,0.0104050740690648,67.8963850667661,35.484,930,2.92807871271543,70,0.0139961511767331,2.92807871271543,930,"exp191116","C08","1",2,0.00971253485622231,FALSE,FALSE,FALSE,0,0,0,FALSE,"VAN-015","239",1,"Survived",NA,NA,NA,NA,NA,NA,NA,NA,NA,NA
"BPH2719","exp191116_1_A09",250,0.030038110766015,23.2643669530645,128.262666666667,840,5.91417723817044,40,0.0109277328288041,5.89983784888446,930,"exp191116","A09","1",2,0.02151743479135,FALSE,FALSE,FALSE,0,0,0,FALSE,"VAN-016","5",0,"Survived",NA,NA,NA,NA,NA,NA,NA,NA,NA,NA
"BPH2720","exp191116_1_E03",200,0.0228111645938862,30.442860296406,121.062333333333,850,5.42616765204442,10,0.0222025567054465,5.39326225143456,930,"exp191116","E03","1",2,0.0456106712659804,FALSE,FALSE,FALSE,0,0,0,FALSE,"VAN-017","22",1,"Survived",NA,NA,NA,NA,NA,NA,NA,NA,NA,NA
"BPH2721","exp191116_1_C06",280,0.0261721479172686,26.49257437207,115.994044444333,740,5.61961924184758,80,0.0130831117169469,5.49319556938914,930,"exp191116","C06","1",2,0.0267877529957808,FALSE,FALSE,FALSE,0,0,0,FALSE,"VAN-018","8",0,"Died",NA,NA,NA,NA,NA,NA,NA,NA,NA,NA
"BPH2722","exp191116_1_A01",260,0.0291168011919368,23.8285329861025,134.020666666667,850,6.45290634645203,50,0.0207240611399513,6.35142236746094,930,"exp191116","A01","1",2,0.0228108161479008,FALSE,FALSE,FALSE,0,0,0,FALSE,"VAN-019","188",0,"Survived",NA,NA,NA,NA,NA,NA,NA,NA,NA,NA
"BPH2723","exp191116_1_B10",330,0.0235139665889005,29.4819898075498,109.575,790,5.88767921181115,20,0.0232507578713111,5.73378022276828,930,"exp191116","B10","1",2,0.0133166562369588,FALSE,FALSE,FALSE,0,0,0,FALSE,"VAN-020","239",1,"Survived",NA,NA,NA,NA,NA,NA,NA,NA,NA,NA
"BPH2724","exp191116_1_B01",250,0.0246248718086744,28.1503235518185,116.304077777667,890,5.59101266730368,20,0.0112429309026857,5.57794811203227,930,"exp191116","B01","1",2,0.0125302450799241,FALSE,FALSE,FALSE,0,0,0,FALSE,"VAN-021","-",0,"Survived",NA,NA,NA,NA,NA,NA,NA,NA,NA,NA
"BPH2725","exp191116_1_B05",250,0.0274028906803161,25.2954820843473,124.438,810,5.78669605000432,40,0.00774341954629033,5.71838276498837,930,"exp191116","B05","1",2,0.0109696551146029,FALSE,FALSE,FALSE,0,0,0,FALSE,"VAN-022","45",0,"Survived",NA,NA,NA,NA,NA,NA,NA,NA,NA,NA
"BPH2726","exp191116_1_F05",360,0.0265615047514678,26.2047649517997,114.184,930,6.83016650288483,37.5,-0.100355483744677,6.83016650288483,930,"exp191116","F05","1",2.5,0.1414054454397,FALSE,FALSE,FALSE,0,0,0,FALSE,"VAN-023","239",0,"Survived",1,TRUE,NA,NA,FALSE,0,NA,NA,"index",NA
"BPH2727","exp191116_1_A08",295,0.0262582757417818,26.5229753924133,125.743833333333,915,6.61977881033001,20,-0.084665417773123,6.61605057293384,930,"exp191116","A08","1",2,0.143259205637893,FALSE,FALSE,FALSE,0,0,0,FALSE,"VAN-023","239",0,NA,0,TRUE,0,16,FALSE,0.5,NA,0,"paired-colonising","pglF / AAA-like domain protein / ebh_1 / norB_6 / tatC2 / yhfS / hypothetical protein"
"BPH2728","exp190831_2_A03",290,0.0300367057185672,23.6365795964749,126.268666666667,930,6.54692616406942,35,-0.0955672602688329,6.54692616406942,930,"exp190831","A03","2",2,0.141001654836625,FALSE,FALSE,FALSE,0,0,0,FALSE,"VAN-024","45",1,"Survived",1,TRUE,NA,NA,FALSE,0,NA,NA,"index",NA
"BPH2729","exp190831_2_C10",532.5,0.0214783420013833,32.6156616420809,74.4760833333334,930,6.10116067581113,37.5,-0.0692199827509144,6.10116067581113,930,"exp190831","C10","2",2.25,0.116335148027871,FALSE,FALSE,FALSE,0,0,0,FALSE,"VAN-024","45",1,NA,0,TRUE,0,5,TRUE,1.25,"Relapse (after treatment)",38,"paired-invasive","ptsG_3 / rpoB / rplV / rplD"
"BPH2730","exp190831_2_B02",367.5,0.0274727892231331,25.2690214391499,106.822,930,6.41953400964172,67.5,-0.0440612360721912,6.41953400964172,930,"exp190831","B02","2",2,0.137749047183638,FALSE,FALSE,FALSE,0,0,0,FALSE,"VAN-024","45",1,NA,0,TRUE,0,0,FALSE,0.75,NA,-13,"paired-colonising",NA
"BPH2731","exp190831_2_E08",260,0.0276303722055981,25.087644048184,126.911666666667,870,6.04350278100607,50,0.0344298573808429,6.01346190338476,930,"exp190831","E08","2",2,0.00351188458428425,FALSE,FALSE,FALSE,0,0,0,FALSE,"VAN-025","-",0,"Survived",NA,NA,NA,NA,NA,NA,NA,NA,NA,NA
"BPH2732","exp190831_2_A07",270,0.0293026552693284,23.6748373671977,126.467,850,5.95893832509215,20,0.0127065100354022,5.91991166279663,930,"exp190831","A07","2",2,0.0234378611083293,FALSE,FALSE,FALSE,0,0,0,FALSE,"VAN-026","45",0,"Survived",1,TRUE,NA,NA,FALSE,0,NA,NA,"index",NA
"BPH2733","exp190831_2_D09",330,0.0303856610114038,22.8130060496333,115.434666666667,920,6.22824568942141,40,0.00935192944282687,6.22820718071051,930,"exp190831","D09","2",2,0.00346410161513776,FALSE,FALSE,FALSE,0,0,0,FALSE,"VAN-026","45",0,NA,0,TRUE,0,0,FALSE,0,"Relapse (on treatment)",4,"paired-invasive",NA
"BPH2734","exp190831_2_A11",300,0.0256305934433033,27.0468648174986,102.049666666667,680,5.09708195386186,50,0.0224097510000946,4.7722191796311,930,"exp190831","A11","2",2,0.0150111069989303,FALSE,FALSE,FALSE,0,0,0,FALSE,"VAN-026","34",0,NA,0,FALSE,1,NA,FALSE,0,NA,-58,"paired-colonising",NA
"BPH2735","exp190831_2_D04",240,0.0356916336548348,19.5053345166003,118.269666666667,930,5.62733368338531,75,0.0029193492400729,5.62733368338531,930,"exp190831","D04","2",2.5,0.00866025403784439,FALSE,FALSE,FALSE,0,0,0,FALSE,"VAN-027","22",1,"Died",NA,NA,NA,NA,NA,NA,NA,NA,NA,NA
"BPH2736","exp190831_2_C07",360,0.0293669537492677,23.6245076011681,110.834333333333,910,6.24240943709698,20,0.010597779335684,6.2307003755905,930,"exp190831","C07","2",2,0.0112694276695846,FALSE,FALSE,FALSE,0,0,0,FALSE,"VAN-028","45",0,"Survived",NA,NA,NA,NA,NA,NA,NA,NA,NA,NA
"BPH2737","exp190831_2_C02",330,0.029450918362024,23.5391381303221,117.531666666667,850,6.41677659383535,20,0.0180506958074298,6.39408801718461,930,"exp190831","C02","2",2,0.0127410099024109,FALSE,FALSE,FALSE,0,0,0,FALSE,"VAN-029","-",0,"Survived",1,TRUE,NA,NA,FALSE,0,NA,NA,"index",NA
"BPH2738","exp190831_2_B08",530,0.0271667344631148,25.5171939137909,77.8343333333334,930,5.97954506806128,10,0.00765082319016454,5.97954506806128,930,"exp190831","B08","2",2,0.00568624070307733,FALSE,FALSE,FALSE,0,0,0,FALSE,"VAN-029","-",0,NA,0,TRUE,0,1,TRUE,0.5,"Relapse (after treatment)",18,"paired-invasive","stp"
"BPH2739","exp190831_2_A04",390,0.0272873327513324,25.4348836252696,108.669666666667,930,6.89611899888696,0,0.00434741043729677,6.89611899888696,930,"exp190831","A04","2",1.5,0.007371114795832,FALSE,FALSE,FALSE,0,0,0,FALSE,"VAN-030","-",0,"Survived",1,FALSE,NA,NA,FALSE,0,NA,NA,"index",NA
"BPH2740","exp190831_2_A02",350,0.0281212927093785,24.6568748747181,110.988666666667,840,6.30398816469014,20,0.00343047185784533,6.29569232203935,930,"exp190831","A02","2",2,0.0130511813003012,FALSE,FALSE,FALSE,0,0,0,FALSE,"VAN-030","12",0,NA,0,FALSE,1,NA,FALSE,0.75,"Relapse (after treatment)",558,"paired-invasive",NA
"BPH2741","exp190831_2_B11",340,0.0268966055605486,25.7772579101379,100.411333333333,860,5.30420348481735,20,0.0169981726556022,5.25531130389867,930,"exp190831","B11","2",2,0.0124899959967968,FALSE,FALSE,FALSE,0,0,0,FALSE,"VAN-031","109",0,"Survived",NA,NA,NA,NA,NA,NA,NA,NA,NA,NA
"BPH2742","exp190831_2_A06",320,0.0271495832418755,25.5317592525521,107.198666666667,930,5.93915663950698,20,0.00301321155447837,5.93915663950698,930,"exp190831","A06","2",2,0.0100166528008778,FALSE,FALSE,FALSE,0,0,0,FALSE,"VAN-032","22",1,"Survived",NA,NA,NA,NA,NA,NA,NA,NA,NA,NA
"BPH2743","exp190831_2_F03",270,0.0279325244371977,24.8255593235913,121.848333333333,780,5.82678190660979,50,0.0367468082063454,5.77984976392936,930,"exp190831","F03","2",2,0.0200083315979452,FALSE,FALSE,FALSE,0,0,0,FALSE,"VAN-033","5",0,"Survived",NA,NA,NA,NA,NA,NA,NA,NA,NA,NA
"BPH2744","exp190831_2_A10",290,0.0265438164164672,26.1327872208265,115.488666666667,760,5.66356847639503,50,0.0202036898364798,5.53016340236031,930,"exp190831","A10","2",2,0.0187705443004014,FALSE,FALSE,FALSE,0,0,0,FALSE,"VAN-034","-",0,"Survived",NA,NA,NA,NA,NA,NA,NA,NA,NA,NA
"BPH2745","exp190831_2_A12",340,0.0280203810860174,24.7412106184514,104.492333333333,680,5.4823625483893,90,0.0129054892617002,5.21294291399547,930,"exp190831","A12","2",2,0.0297377425729213,FALSE,FALSE,FALSE,0,0,0,FALSE,"VAN-035","72",0,"Survived",NA,NA,NA,NA,NA,NA,NA,NA,NA,NA
"BPH2746","exp190831_2_C08",280,0.0279809937211587,24.7767901227517,124.402,850,6.2424810328031,20,0.0255975413232566,6.21174972210243,930,"exp190831","C08","2",2,0.0107857931249089,FALSE,FALSE,FALSE,0,0,0,FALSE,"VAN-037","8",0,"Survived",NA,NA,NA,NA,NA,NA,NA,NA,NA,NA
"BPH2747","exp190831_2_A09",380,0.0263844530441459,26.2903525439685,106.599333333333,930,6.42187842237675,20,0.00556589602904331,6.42187842237675,930,"exp190831","A09","2",2,0.0070237691685685,FALSE,FALSE,FALSE,0,0,0,FALSE,"VAN-038","239",1,"Survived",1,TRUE,NA,NA,FALSE,0,NA,NA,"index",NA
"BPH2748","exp190831_2_E03",380,0.0266760530508753,26.0003402041464,106.584,930,6.39230769075398,20,0.0140990572986126,6.39230769075398,930,"exp190831","E03","2",2,0.00288675134594813,FALSE,FALSE,FALSE,0,0,0,FALSE,"VAN-038","239",1,NA,0,TRUE,0,2,FALSE,0,NA,8,"paired-colonising",NA
"BPH2749","exp190831_2_C06",310,0.0314891784320135,22.0726658826786,116.637,920,6.27564504221581,30,0.0141173727796917,6.27463382052805,930,"exp190831","C06","2",2,0.0275136329843952,FALSE,FALSE,FALSE,0,0,0,FALSE,"VAN-039","20",0,"Survived",NA,NA,NA,NA,NA,NA,NA,NA,NA,NA
"BPH2750","exp190831_2_A01",340,0.0257972523224481,26.9187844725717,96.4823333333334,830,5.25407313325869,80,0.0135321979517347,5.09095263781436,930,"exp190831","A01","2",2,0.0145716619962629,FALSE,FALSE,FALSE,0,0,0,FALSE,"VAN-040","39",0,"Died",1,TRUE,NA,NA,FALSE,0,NA,NA,"index",NA
"BPH2751","exp190831_2_B10",330,0.0269429731344931,25.7301254484442,102.271333333333,770,5.45248363061024,70,0.00789206851186476,5.37391538233343,930,"exp190831","B10","2",2,0.00288675134594813,FALSE,FALSE,FALSE,0,0,0,FALSE,"VAN-040","39",0,NA,0,TRUE,0,1,FALSE,0.5,"Relapse (on treatment)",4,"paired-invasive","prfA"
"BPH2752","exp190831_2_B01",375,0.0253974884464222,27.3194125566015,93.3311666666667,840,5.41923701271982,75,0.00519559052990431,5.33248515615691,930,"exp190831","B01","2",1.5,0.00680685928555402,FALSE,FALSE,FALSE,0,0,0,FALSE,"VAN-041","30",0,"Survived",NA,NA,NA,NA,NA,NA,NA,NA,NA,NA
"BPH2753","exp190831_2_B05",370,0.0247898272343552,27.9682764529671,104.611666666667,930,6.12237457188325,90,0.00600208078414432,6.12237457188325,930,"exp190831","B05","2",2,0.0265392790658174,FALSE,FALSE,FALSE,0,0,0,FALSE,"VAN-042","121",0,"Survived",NA,NA,NA,NA,NA,NA,NA,NA,NA,NA
"BPH2754","exp190831_2_F05",300,0.0272048577327781,25.4867163432514,110.798333333333,750,5.56516597711535,90,0.0190182965237039,5.43992555953755,930,"exp190831","F05","2",2,0.0391066916694999,FALSE,FALSE,FALSE,0,0,0,FALSE,"VAN-043","5",0,"Survived",1,TRUE,NA,NA,FALSE,0,NA,NA,"index",NA
"BPH2755","exp190831_2_A08",300,0.027036552969766,25.6445097997694,106.618333333333,720,5.29196541573673,120,0.00398243595030261,5.02726498074315,930,"exp190831","A08","2",2,0.00599999999999998,FALSE,FALSE,FALSE,0,0,0,FALSE,"VAN-043","-",0,NA,0,TRUE,0,0,FALSE,-0.25,"Persistent",3,"paired-invasive",NA
"BPH2756","exp191109_3_A03",240,0.0265385520881186,26.1274682745769,120.761833333333,725,5.53544459844727,5,0.00600480871679151,5.41228114310857,930,"exp191109","A03","3",2,0.00793515385274076,FALSE,FALSE,FALSE,0,0,0,FALSE,"VAN-044","567",0,"Survived",NA,NA,NA,NA,NA,NA,NA,NA,NA,NA
"BPH2757","exp191109_3_C10",265,0.0267159866555181,25.95657464057,118.033333333333,870,5.61788419957324,0,0.0154952818736192,5.52033740286479,930,"exp191109","C10","3",2,0.00737563556583432,FALSE,FALSE,FALSE,0,0,0,FALSE,"VAN-045","5",0,"Survived",NA,NA,NA,NA,NA,NA,NA,NA,NA,NA
"BPH2758","exp191109_3_B02",275,0.026303913481972,26.3641912630868,124.031,885,6.2698444524585,10,0.0124447601309954,6.12757279592195,930,"exp191109","B02","3",2,0.0123396380281865,FALSE,FALSE,FALSE,0,0,0,FALSE,"VAN-046","5",0,"Died",NA,NA,NA,NA,NA,NA,NA,NA,NA,NA
"BPH2759","exp191109_3_E08",260,0.0492935184861135,14.181626622589,125.513,390,6.01196614436579,65,0.00942625311355926,5.4970686190456,930,"exp191109","E08","3",2,0.00907744457432817,FALSE,FALSE,FALSE,0,0,0,FALSE,"VAN-047","30",0,"Survived",NA,NA,NA,NA,NA,NA,NA,NA,NA,NA
"BPH2760","exp191109_3_A07",250,0.025770406793485,26.9444489241749,118.910833333333,795,5.59016951773732,0,0.013981036137888,5.53697387663575,930,"exp191109","A07","3",2,0.00837655458208604,FALSE,FALSE,FALSE,0,0,0,FALSE,"VAN-048","1",0,"Survived",NA,NA,NA,NA,NA,NA,NA,NA,NA,NA
"BPH2761","exp191109_3_D09",280,0.0256082448595572,27.0779596824704,110.247666666667,840,5.41889178111824,15,0.0148680336095498,5.37575157796065,930,"exp191109","D09","3",2,0.0160301798700659,FALSE,FALSE,FALSE,0,0,0,FALSE,"VAN-049","30",0,"Died",NA,NA,NA,NA,NA,NA,NA,NA,NA,NA
"BPH2762","exp191109_3_A11",270,0.0273468065811146,25.3545714189037,117.342333333333,755,5.56720456250646,5,0.0201462314765796,5.44666392155433,930,"exp191109","A11","3",2,0.0158829048560604,FALSE,FALSE,FALSE,0,0,0,FALSE,"VAN-049","5",0,NA,NA,NA,NA,NA,NA,NA,NA,NA,NA,NA
"BPH2763","exp191109_3_D04",274.285714285714,0.0521030712560876,13.4556692361213,150.849857142857,707.142857142857,7.40640273865613,0,-0.0858265456674647,7.18392436819357,930,"exp191109","D04","3",2.28571428571429,0.124295347191008,FALSE,FALSE,FALSE,0,0,0,FALSE,"VAN-050","78",1,"Survived",1,TRUE,NA,NA,FALSE,0,NA,NA,"index",NA
"BPH2764","exp191109_3_G10",257.142857142857,0.0301470330556275,23.4767383571836,128.830047619048,930,6.43436348527652,4.28571428571429,-0.0559283873623209,6.43436348527652,930,"exp191109","G10","3",2.14285714285714,0.127440617979948,FALSE,FALSE,FALSE,0,0,0,FALSE,"VAN-050","78",1,NA,0,TRUE,0,29,FALSE,0,NA,-3,"paired-colonising","hypothetical protein / superantigen-like protein / accB_1 / grsB / Transcriptional regulator / cydD / pepT_2 / yveA / pbuE / Putative esterase / Replication initiation and membrane attachment"
"BPH2765","exp191109_3_C02",315,0.0252234371623686,27.5071722893889,113.782166666667,930,5.98228837653425,0,0.0057341694747199,5.98228837653425,930,"exp191109","C02","3",2,0.00519294393062997,FALSE,FALSE,FALSE,0,0,0,FALSE,"VAN-051","15",0,"Survived",NA,NA,NA,NA,NA,NA,NA,NA,NA,NA
"BPH2766","exp191109_3_B08",275,0.0270845014385761,25.5983015830423,122.766833333333,860,5.94966097484929,0,0.01538605075963,5.93499617561753,930,"exp191109","B08","3",2,0.0177473002641716,FALSE,FALSE,FALSE,0,0,0,FALSE,"VAN-052","45",0,"Survived",NA,NA,NA,NA,NA,NA,NA,NA,NA,NA
"BPH2767","exp191109_3_A04",375,0.0279192708836073,24.8392788328085,102.568166666667,840,5.70670475214424,0,0.00673283453295965,5.6682110981748,930,"exp191109","A04","3",2,0.00943751379689942,FALSE,FALSE,FALSE,0,0,0,FALSE,"VAN-053","-",0,"Died",NA,NA,NA,NA,NA,NA,NA,NA,NA,NA
"BPH2768","exp191109_3_B04",318,0.0250288898509363,27.6994195401904,106.108266666667,816,5.61716113005549,6,0.00143266449982124,5.56842746172327,930,"exp191109","B04","3",1.8,0.0226862660362314,FALSE,FALSE,FALSE,0,0,0,FALSE,"VAN-054","30",0,"Survived",NA,NA,NA,NA,NA,NA,NA,NA,NA,NA
"BPH2769","exp191109_3_B11",250,0.0282719059030389,24.5259744541309,130.990166666667,890,6.13378973270279,0,0.0030595714989512,6.11337147814921,930,"exp191109","B11","3",2,0.0107827021968831,FALSE,FALSE,FALSE,0,0,0,FALSE,"VAN-055","188",0,"Survived",NA,NA,NA,NA,NA,NA,NA,NA,NA,NA
"BPH2770","exp191109_3_A06",420,0.0253750742923298,27.3316698913933,93.2258333333334,930,6.0293797940694,0,0.00337555737340117,6.0293797940694,930,"exp191109","A06","3",2,0.00656251984123985,FALSE,FALSE,FALSE,0,0,0,FALSE,"VAN-056","45",1,"Survived",1,TRUE,NA,NA,FALSE,0,NA,NA,"index",NA
"BPH2771","exp191109_3_F03",425,0.0257384587217487,26.935270379153,94.8506666666667,930,6.20519129943682,20,0.0106510132012168,6.20519129943682,930,"exp191109","F03","3",2,0.0110634533487515,FALSE,FALSE,FALSE,0,0,0,FALSE,"VAN-056","45",1,NA,0,TRUE,0,2,FALSE,0.25,NA,0,"paired-colonising","recU"
"BPH2773","exp191109_3_A10",225,0.0272205866200616,25.4989588533475,131.723333333333,780,6.16594941528183,5,0.010495603337915,5.96548400451139,930,"exp191109","A10","3",2,0.0136198384718762,FALSE,FALSE,FALSE,0,0,0,FALSE,"VAN-058","188",0,"Survived",NA,NA,NA,NA,NA,NA,NA,NA,NA,NA
"BPH2774","exp191109_3_A12",250,0.027047047782154,25.6812589767426,124.808833333333,815,6.23688418926269,0,0.0153043991134758,6.21049278969523,930,"exp191109","A12","3",2,0.00924481836850605,FALSE,FALSE,FALSE,0,0,0,FALSE,"VAN-059","22",1,"Survived",NA,NA,NA,NA,NA,NA,NA,NA,NA,NA
"BPH2775","exp191109_3_C08",205,0.0260254287104603,26.6415144721937,128.934166666667,830,5.79773218785361,0,0.0117097795155639,5.59433012344561,930,"exp191109","C08","3",2,0.0183384841249216,FALSE,FALSE,FALSE,0,0,0,FALSE,"VAN-060","8",0,"Survived",NA,NA,NA,NA,NA,NA,NA,NA,NA,NA
"BPH2776","exp191109_3_A09",335,0.0248841672195482,27.8815989856525,104.520333333333,840,5.58039480043903,0,-0.00168940667068442,5.54035993113001,930,"exp191109","A09","3",2,0.0116175155117894,FALSE,FALSE,FALSE,0,0,0,FALSE,"VAN-061","30",0,"Survived",NA,NA,NA,NA,NA,NA,NA,NA,NA,NA
"BPH2777","exp191109_3_E03",280,0.0256406292908027,27.038181925396,111.308666666667,840,5.58648406989834,0,0.0066473918082682,5.4867116480369,930,"exp191109","E03","3",2,0.0129267165204471,FALSE,FALSE,FALSE,0,0,0,FALSE,"VAN-062","30",0,"Survived",1,TRUE,NA,NA,FALSE,0,NA,NA,"index",NA
"BPH2778","exp191109_3_C06",255,0.0254776538285755,27.2110180255538,116.221833333333,900,5.72208088157142,0,0.00350993834580754,5.70187759696852,930,"exp191109","C06","3",2,0.00655489638870566,FALSE,FALSE,FALSE,0,0,0,FALSE,"VAN-062","30",0,NA,0,TRUE,0,0,FALSE,0,"Persistent",3,"paired-invasive",NA
"BPH2779","exp191109_3_A01",360,0.0202315565393274,34.7297121691831,98.5835,880,5.85636794975697,0,0.00273071162049011,5.79169128734732,930,"exp191109","A01","3",2,0.00628225012767452,FALSE,FALSE,FALSE,0,0,0,FALSE,"VAN-063","239",1,"Survived",NA,NA,NA,NA,NA,NA,NA,NA,NA,NA
"BPH2780","exp191109_3_B10",315,0.0243044533631703,28.5502592455298,112.214,890,6.1042591262598,5,0.00425669163458835,5.99513753816598,930,"exp191109","B10","3",2,0.0166783292528558,FALSE,FALSE,FALSE,0,0,0,FALSE,"VAN-064","239",1,"Survived",NA,NA,NA,NA,NA,NA,NA,NA,NA,NA
"BPH2781","exp191109_3_B03",354,0.0234523146256665,29.6082070512045,106.143466666667,894,6.06816016984406,0,-0.00111635048036852,6.06349961758349,930,"exp191109","B03","3",2,0.00671565335615233,FALSE,FALSE,FALSE,0,0,0,FALSE,"VAN-065","239",1,"Survived",NA,NA,NA,NA,NA,NA,NA,NA,NA,NA
"BPH2782","exp191109_3_B05",325,0.0226978062325634,30.6073654583317,108.745666666667,930,5.94267160563635,0,0.0148958195694534,5.94267160563635,930,"exp191109","B05","3",2,0.0389923069335478,FALSE,FALSE,FALSE,0,0,0,FALSE,"VAN-066","-",0,"Survived",NA,NA,NA,NA,NA,NA,NA,NA,NA,NA
"BPH2783","exp191109_3_F05",250,0.0276961534357414,25.0341144683897,131.822666666667,930,6.46841664963308,0,0.00608071735017245,6.46841664963308,930,"exp191109","F05","3",2,0.00907744457432819,FALSE,FALSE,FALSE,0,0,0,FALSE,"VAN-067","22",1,"Died",NA,NA,NA,NA,NA,NA,NA,NA,NA,NA
"BPH2784","exp191109_3_A08",245,0.0268501280024205,25.8499135711358,123.288833333333,780,5.85506989597768,0,0.0112092960484374,5.7508551013307,930,"exp191109","A08","3",2,0.00791833315793165,FALSE,FALSE,FALSE,0,0,0,FALSE,"VAN-068","88",0,"Survived",NA,NA,NA,NA,NA,NA,NA,NA,NA,NA
"BPH2785","exp191120_4_D07",217.5,0.0260855037400253,26.583367945058,127.115833333333,862.5,5.73692500932118,7.5,0.038486161716847,5.69300620172569,930,"exp191120","D07","4",2.5,0.0450629189763232,FALSE,FALSE,FALSE,0,0,0,FALSE,"VAN-069","-",1,"Survived",NA,NA,NA,NA,NA,NA,NA,NA,NA,NA
"BPH2786","exp191120_4_C10",250,0.0269438357354935,25.8894549834172,119.991166666667,765,5.72399107867639,20,0.0453359837729723,5.57446905644633,930,"exp191120","C10","4",2,0.0234129593743864,FALSE,FALSE,FALSE,0,0,0,FALSE,"VAN-070","5",0,"Survived",NA,NA,NA,NA,NA,NA,NA,NA,NA,NA
"BPH2787","exp191120_4_B02",310,0.0227129094678379,30.5482159269407,108.413833333333,920,5.96047636312531,15,0.0169914316071106,5.95724421558434,930,"exp191120","B02","4",2,0.0211856869922439,FALSE,FALSE,FALSE,0,0,0,FALSE,"VAN-071","239",1,"Survived",NA,NA,NA,NA,NA,NA,NA,NA,NA,NA
"BPH2788","exp191120_4_E08",310,0.0230438783092743,30.0814983293509,111.972333333333,915,5.71877130238977,0,0.0279228081975141,5.68809924346514,930,"exp191120","E08","4",2,0.0225248011459961,FALSE,FALSE,FALSE,0,0,0,FALSE,"VAN-072","15",0,"Survived",NA,NA,NA,NA,NA,NA,NA,NA,NA,NA
"BPH2789","exp191120_4_A07",270,0.0257913037311099,26.8921441057662,117.796666666667,815,5.81893307824434,20,0.0168657094234635,5.66560845282897,930,"exp191120","A07","4",2,0.0151624536272992,FALSE,FALSE,FALSE,0,0,0,FALSE,"VAN-073","109",0,"Survived",NA,NA,NA,NA,NA,NA,NA,NA,NA,NA
"BPH2790","exp191120_4_D09",200,0.0317932647877275,21.9197191371074,135.697,745,6.0267777316671,0,0.0174115903791921,5.97798221658913,930,"exp191120","D09","4",2,0.00829658564310241,FALSE,FALSE,FALSE,0,0,0,FALSE,"VAN-074","22",1,"Survived",NA,NA,NA,NA,NA,NA,NA,NA,NA,NA
"BPH2791","exp191120_4_A11",265,0.0270844083875769,25.6163404139947,119.119166666667,695,5.64107287253197,20,0.0239202691165411,5.44657522229694,930,"exp191120","A11","4",2,0.0277152184428219,FALSE,FALSE,FALSE,0,0,0,FALSE,"VAN-075","6",0,"Survived",NA,NA,NA,NA,NA,NA,NA,NA,NA,NA
"BPH2792","exp191120_4_D04",345,0.0262754357124176,26.3896179682322,108.011166666667,925,6.03034648259406,40,0.0277648352334578,6.03002233178813,930,"exp191120","D04","4",2,0.0509015389420268,FALSE,FALSE,FALSE,0,0,0,FALSE,"VAN-076","45",1,"Survived",NA,NA,NA,NA,NA,NA,NA,NA,NA,NA
"BPH2793","exp191120_4_H05",270,0.0251165216804254,27.5972741508649,122.442833333333,930,7.77390016245609,45,0.047948807390822,7.77390016245609,930,"exp191120","H05","4",3,0.0363739833764006,FALSE,FALSE,FALSE,0,0,0,FALSE,"VAN-077","5",0,"Survived",NA,NA,NA,NA,NA,NA,NA,NA,NA,NA
"BPH2794","exp191120_4_C02",255,0.0286161402629173,24.2339771599257,124.268166666667,790,5.79936225101272,0,0.0229066072805309,5.76057819686215,930,"exp191120","C02","4",2,0.0163340135912763,FALSE,FALSE,FALSE,0,0,0,FALSE,"VAN-078","5",0,"Survived",NA,NA,NA,NA,NA,NA,NA,NA,NA,NA
"BPH2795","exp191120_4_B08",270,0.0262066425131857,26.4615956430664,115.758333333333,907.5,5.52700347095097,22.5,0.0148651405875977,5.49330665746924,930,"exp191120","B08","4",2.5,0.0166493243106139,FALSE,FALSE,FALSE,0,0,0,FALSE,"VAN-079","291",0,"Survived",NA,NA,NA,NA,NA,NA,NA,NA,NA,NA
"BPH2796","exp191120_4_A04",235,0.0273046629782842,25.3939606924179,124.492166666667,820,5.80420460740977,5,0.0292319604483488,5.76341879247939,930,"exp191120","A04","4",2,0.0300560587347487,FALSE,FALSE,FALSE,0,0,0,FALSE,"VAN-080","97",0,"Survived",NA,NA,NA,NA,NA,NA,NA,NA,NA,NA
"BPH2797","exp191120_4_A02",275,0.0262756335240223,26.3887066889536,123.465666666667,905,6.74532207981014,5,0.00949178367547847,6.73266395731828,930,"exp191120","A02","4",2,0.00617521929435167,FALSE,FALSE,FALSE,0,0,0,FALSE,"VAN-081","12",0,"Died",NA,NA,NA,NA,NA,NA,NA,NA,NA,NA
"BPH2798","exp191120_4_B11",800,0.00812246892705571,88.5440914992396,29.0196666666667,930,2.38186561255822,5,0.0130699869874329,2.38186561255822,930,"exp191120","B11","4",2,0.0187616630392937,FALSE,FALSE,FALSE,0,0,0,FALSE,"VAN-082","239",1,"Survived",NA,NA,NA,NA,NA,NA,NA,NA,NA,NA
"BPH2799","exp191120_4_A06",280,0.0257299329533431,26.9460643309008,112.712333333333,800,5.5148122154195,45,0.0103042230559567,5.41908455654258,930,"exp191120","A06","4",2,0.0163258486252119,FALSE,FALSE,FALSE,0,0,0,FALSE,"VAN-082","239",1,NA,NA,NA,NA,NA,NA,NA,NA,NA,NA,NA
"BPH2800","exp191120_4_F07",240,0.0264328671935776,26.2550961713531,124.398583333333,892.5,5.84550011622535,0,0.0399585043363234,5.83072892011949,930,"exp191120","F07","4",2,0.0258695445134493,FALSE,FALSE,FALSE,0,0,0,FALSE,"VAN-082","239",1,NA,NA,NA,NA,NA,NA,NA,NA,NA,NA,NA
"BPH2801","exp191120_4_A10",280,0.0254103580145084,27.3105705233545,114.897166666667,780,5.61886335167496,15,0.0190682235886692,5.53936251105196,930,"exp191120","A10","4",2,0.0160665283534849,FALSE,FALSE,FALSE,0,0,0,FALSE,"VAN-083","59",0,"Survived",1,TRUE,NA,NA,FALSE,0,NA,NA,"index",NA
"BPH2802","exp191120_4_A12",310,0.0248438197313614,27.9373400440874,105.0625,785,5.33496983429596,35,0.0139654901485783,5.26358239770346,930,"exp191120","A12","4",2,0.023841839973738,FALSE,FALSE,FALSE,0,0,0,FALSE,"VAN-083","59",0,NA,NA,NA,NA,NA,NA,NA,NA,NA,NA,NA
"BPH2803","exp191120_4_C08",280,0.0254332450172635,27.26777604098,112.3935,780,5.55172293863141,5,0.0302620668977371,5.48116678204238,930,"exp191120","C08","4",2,0.0311196615234378,FALSE,FALSE,FALSE,0,0,0,FALSE,"VAN-083","59",0,NA,0,TRUE,0,24,FALSE,-0.5,"Relapse (after treatment)",31,"paired-invasive","putative epimerase/dehydratase / pta / nfo / comEA / cycA_2 / Hyaluronate lyase / ebh_3 / msbA"
"BPH2804","exp191120_4_C11",870,0.0228302043454078,30.3609713725304,117.344,930,7.98922177821034,0,-0.00983069715770822,7.98922177821034,930,"exp191120","C11","4",1,0.0134064661015994,FALSE,FALSE,FALSE,0,0,0,FALSE,"VAN-083","1",0,NA,0,FALSE,1,NA,FALSE,-0.75,"Relapse (after treatment)",171,"paired-invasive",NA
"BPH2805","exp191120_4_E03",275,0.0252986259126944,27.3988086490539,109.514833333333,795,5.29655325480615,20,0.00817882726414132,5.17041423205632,930,"exp191120","E03","4",2,0.012575107686749,FALSE,FALSE,FALSE,0,0,0,FALSE,"VAN-084","-",0,"Survived",NA,NA,NA,NA,NA,NA,NA,NA,NA,NA
"BPH2806","exp191120_4_C06",265,0.0252878923513906,27.6395356590906,117.9565,860,6.02140091174008,5,0.0193221851241458,5.98212148017731,930,"exp191120","C06","4",2,0.032832910318764,FALSE,FALSE,FALSE,0,0,0,FALSE,"VAN-085","45",0,"Survived",NA,NA,NA,NA,NA,NA,NA,NA,NA,NA
"BPH2807","exp191120_4_A01",270,0.0366116182374407,20.7623679407141,122.813266666667,810,6.11044155717536,0,-0.00271682971625634,5.9098623477432,930,"exp191120","A01","4",2.2,0.00734166193719104,FALSE,FALSE,FALSE,0,0,0,FALSE,"VAN-086","22",1,"Survived",NA,NA,NA,NA,NA,NA,NA,NA,NA,NA
"BPH2808","exp191120_4_B10",250,0.0435953053126408,15.9200838192837,129.299888888889,930,6.38235801914912,0,-0.00784886292386746,6.38235801914912,930,"exp191120","B10","4",1.33333333333333,0.0283595956717769,FALSE,FALSE,FALSE,0,0,0,FALSE,"VAN-086","22",1,NA,NA,NA,NA,NA,NA,NA,NA,NA,NA,NA
"BPH2809","exp191120_4_B01",294,0.0380013980972237,19.7008899813247,124.744,648,6.0266161227356,0,0.0102937527382483,5.88219261500061,930,"exp191120","B01","4",2.2,0.0183457533687408,FALSE,FALSE,FALSE,0,0,0,FALSE,"VAN-087","-",0,"Survived",NA,NA,NA,NA,NA,NA,NA,NA,NA,NA
"BPH2810","exp191120_4_B05",270,0.0269496798568201,25.723060439466,116.239833333333,780,5.59284180258436,5,0.0107085713498167,5.47833066423988,930,"exp191120","B05","4",2,0.0107842477716343,FALSE,FALSE,FALSE,0,0,0,FALSE,"VAN-088","508",0,"Survived",NA,NA,NA,NA,NA,NA,NA,NA,NA,NA
"BPH2811","exp191120_4_F05",225,0.0257462050142622,26.9254204926774,129.209333333333,922.5,6.09125690168077,0,0.0677134549449864,6.08586303457183,930,"exp191120","F05","4",2.5,0.0469897151867654,FALSE,FALSE,FALSE,0,0,0,FALSE,"VAN-089","15",0,"Survived",NA,NA,NA,NA,NA,NA,NA,NA,NA,NA
"BPH2812","exp200320_5_A03",270,0.0273048798928879,25.3951235958179,102.584844444333,540,5.15335916611137,70,0.0121331172672133,4.25229971823559,930,"exp200320","A03","5",2,0.011060440015358,FALSE,FALSE,FALSE,0,0,0,FALSE,"VAN-090","1",1,"Survived",NA,NA,NA,NA,NA,NA,NA,NA,NA,NA
"BPH2813","exp200320_5_H07",285,0.0261732733792981,26.4839393736967,94.9565,540,4.98074723686274,60,0.0274587351911994,3.62022322437064,930,"exp200320","H07","5",1.5,0.00838649708360608,FALSE,FALSE,FALSE,0,0,0,FALSE,"VAN-090","1",1,NA,NA,NA,NA,NA,NA,NA,NA,NA,NA,NA
"BPH2814","exp200320_5_B02",230,0.0266973321368833,25.9822745363523,108.293333333333,540,5.26426828066138,30,0.0425460982901595,4.11194226309519,930,"exp200320","B02","5",2,0.0263122278291545,FALSE,FALSE,FALSE,0,0,0,FALSE,"VAN-090","1",1,NA,NA,NA,NA,NA,NA,NA,NA,NA,NA,NA
"BPH2815","exp200320_5_E08",240,0.0283851775567511,24.4241848235491,113.998333333333,540,5.49150944414138,40,0.0395350013696659,4.3423026872458,930,"exp200320","E08","5",2,0.00665832811847939,FALSE,FALSE,FALSE,0,0,0,FALSE,"VAN-090","1",1,NA,NA,NA,NA,NA,NA,NA,NA,NA,NA,NA
"BPH2816","exp200320_5_A07",290,0.0263880457205078,26.2914898816076,99.943,550,5.21907271496899,50,0.0242561776223098,4.11278919025675,930,"exp200320","A07","5",2,0.00776745346515403,FALSE,FALSE,FALSE,0,0,0,FALSE,"VAN-091","15",0,"Died",NA,NA,NA,NA,NA,NA,NA,NA,NA,NA
"BPH2817","exp200320_5_D09",200,0.0291264877638998,23.7992784721982,131.216,540,6.05857351691862,10,0.0303003805068731,5.04698536102072,930,"exp200320","D09","5",2,0.00503322295684717,FALSE,FALSE,FALSE,0,0,0,FALSE,"VAN-092","-",0,"Survived",NA,NA,NA,NA,NA,NA,NA,NA,NA,NA
"BPH2818","exp200320_5_C01",285,0.0304513901748363,22.7813776089201,110.407,525,5.67765992440301,30,0.0198461100994274,4.26763600304511,930,"exp200320","C01","5",1.5,0.0208406653764541,FALSE,FALSE,FALSE,0,0,0,FALSE,"VAN-093","5",0,"Survived",NA,NA,NA,NA,NA,NA,NA,NA,NA,NA
"BPH2819","exp200320_5_D04",240,0.029022229538165,23.8869064465556,118.046333333333,540,5.6950127558322,40,0.0328106273139879,4.3832720042765,930,"exp200320","D04","5",2,0.00458257569495584,FALSE,FALSE,FALSE,0,0,0,FALSE,"VAN-094","5",0,"Survived",1,TRUE,NA,NA,FALSE,0,NA,NA,"index",NA
"BPH2820","exp200320_5_C07",260,0.0285175342451284,24.4020138480247,109.338,540,5.51614468252308,40,0.0255553724243655,4.14249095907593,930,"exp200320","C07","5",2,0.00971253485622231,FALSE,FALSE,FALSE,0,0,0,FALSE,"VAN-094","5",0,NA,0,TRUE,0,2,FALSE,-0.5,"Persistent",3,"paired-invasive","cmpD / pckA"
"BPH2821","exp200320_5_C02",280,0.0290154741826853,23.916702736438,111.905,540,5.63011071749016,80,0.0231356387846379,4.71725563221209,930,"exp200320","C02","5",2,0.0445570794973519,FALSE,FALSE,FALSE,0,0,0,FALSE,"VAN-095","12",0,"Survived",NA,NA,NA,NA,NA,NA,NA,NA,NA,NA
"BPH2822","exp200320_5_B08",210,0.0266102774541915,26.0698883102034,116.175,540,5.48417761103981,30,0.0727104370474241,4.34775862208109,930,"exp200320","B08","5",2.5,0.0513160143944688,FALSE,FALSE,FALSE,0,0,0,FALSE,"VAN-096","1",0,"Survived",NA,NA,NA,NA,NA,NA,NA,NA,NA,NA
"BPH2823","exp200320_5_B09",270,0.0332914938292366,20.8205490602294,119.335,540,6.00077081900232,30,0.0102186225069373,4.36365488716369,930,"exp200320","B09","5",2,0.0352325606979302,FALSE,FALSE,FALSE,0,0,0,FALSE,"VAN-097","78",1,"Survived",NA,NA,NA,NA,NA,NA,NA,NA,NA,NA
"BPH2824","exp200320_5_A02",350,0.0275730959656352,25.1506949894552,98.120011111,570,5.21669377243065,40,0.00313234973857621,4.70137152922331,930,"exp200320","A02","5",2,0.0125415459638341,FALSE,FALSE,FALSE,0,0,0,FALSE,"VAN-098","239",1,"Survived",NA,NA,NA,NA,NA,NA,NA,NA,NA,NA
"BPH2825","exp200320_5_B11",340,0.0269047313801741,25.8023927068118,101.813666666667,690,5.30402315735014,10,0.0330948027074481,4.90033667381059,930,"exp200320","B11","5",2,0.0416333199893227,FALSE,FALSE,FALSE,0,0,0,FALSE,"VAN-098","239",1,NA,NA,NA,NA,NA,NA,NA,NA,NA,NA,NA
"BPH2827","exp200320_5_B07",300,0.0232217311466512,29.8825190622987,106.9925,570,5.35630415102913,30,0.0519298509869384,4.8935297775395,930,"exp200320","B07","5",2.5,0.044034077712608,FALSE,FALSE,FALSE,0,0,0,FALSE,"VAN-100","239",1,"Survived",NA,NA,NA,NA,NA,NA,NA,NA,NA,NA
"BPH2828","exp200320_5_F03",220,0.0293669369204129,23.6162789585206,116.397333333333,540,5.40789680488751,10,0.0294217518188791,4.34437425831394,930,"exp200320","F03","5",2,0.0251064400768674,FALSE,FALSE,FALSE,0,0,0,FALSE,"VAN-101","22",0,"Survived",NA,NA,NA,NA,NA,NA,NA,NA,NA,NA
"BPH2829","exp200320_5_A10",250,0.028521627149515,24.3135387021084,112.829333333333,540,5.60116655720516,40,0.0247494826782471,4.37886274321254,930,"exp200320","A10","5",2,0.0295465734053883,FALSE,FALSE,FALSE,0,0,0,FALSE,"VAN-102","8",0,"Survived",NA,NA,NA,NA,NA,NA,NA,NA,NA,NA
"BPH2830","exp200320_5_A12",260,0.0282518153113313,24.5637861774097,106.172666666667,540,5.09576446294909,30,0.0297663934740387,4.29719307641496,930,"exp200320","A12","5",2,0.0115325625946708,FALSE,FALSE,FALSE,0,0,0,FALSE,"VAN-103","-",0,"Survived",NA,NA,NA,NA,NA,NA,NA,NA,NA,NA
"BPH2831","exp200320_5_C08",240,0.0283509478742196,24.4504959209307,112.7535,540,5.55574522569469,45,0.0340288321287975,4.10439907674249,930,"exp200320","C08","5",1.5,0.0166433169770932,FALSE,FALSE,FALSE,0,0,0,FALSE,"VAN-104","8",0,"Survived",NA,NA,NA,NA,NA,NA,NA,NA,NA,NA
"BPH2832","exp200320_5_A09",250,0.0285098844880526,24.3185541722147,112.908,540,5.53633372778357,0,0.0163527982840816,4.1919219311246,930,"exp200320","A09","5",2,0.00378593889720018,FALSE,FALSE,FALSE,0,0,0,FALSE,"VAN-104","8",0,NA,NA,NA,NA,NA,NA,NA,NA,NA,NA,NA
"BPH2833","exp200320_5_E03",240,0.0284053007958826,24.4022509369787,112.888,540,5.52454865003404,45,0.0260242307605981,4.22573265118167,930,"exp200320","E03","5",1.5,0.0188767935130237,FALSE,FALSE,FALSE,0,0,0,FALSE,"VAN-104","8",0,NA,NA,NA,NA,NA,NA,NA,NA,NA,NA,NA
"BPH2834","exp200320_5_C06",270,0.028153841437768,24.6211893775987,110.239333333333,540,5.62259947644478,30,0.00480186108538145,4.50944199115095,930,"exp200320","C06","5",2,0.00776745346515403,FALSE,FALSE,FALSE,0,0,0,FALSE,"VAN-105","-",0,"Survived",NA,NA,NA,NA,NA,NA,NA,NA,NA,NA
"BPH2835","exp200320_5_A01",270,0.0284207774147184,24.3945617686195,108.108666666667,540,5.38918051097446,40,0.0144993174398515,4.30045936031218,930,"exp200320","A01","5",2,0.0358096821171779,FALSE,FALSE,FALSE,0,0,0,FALSE,"VAN-106","72",0,"Survived",NA,NA,NA,NA,NA,NA,NA,NA,NA,NA
"BPH2836","exp200320_5_B10",260,0.0267864924798438,25.8824617464892,101.025333333333,540,5.10252286407672,50,0.0302745065439275,3.80975141176032,930,"exp200320","B10","5",2,0.00757187779440037,FALSE,FALSE,FALSE,0,0,0,FALSE,"VAN-107","8",0,"Survived",NA,NA,NA,NA,NA,NA,NA,NA,NA,NA
"BPH2837","exp200320_5_B01",290,0.0282187651183149,24.5748998274834,100.409,540,5.19272239863512,70,0.00288784985860194,4.09339543585362,930,"exp200320","B01","5",2,0.0126622799421484,FALSE,FALSE,FALSE,0,0,0,FALSE,"VAN-108","59",0,"Survived",NA,NA,NA,NA,NA,NA,NA,NA,NA,NA
"BPH2838","exp200320_5_B05",250,0.0259923343882462,26.6917240129731,109.759666666667,530,5.43298326714979,20,0.0384252774972025,3.9454278414533,930,"exp200320","B05","5",2,0.0238607068908977,FALSE,FALSE,FALSE,0,0,0,FALSE,"VAN-109","12",0,"Survived",NA,NA,NA,NA,NA,NA,NA,NA,NA,NA
"BPH2839","exp200320_5_F05",270,0.0278207627115227,24.9824577751909,115.204,540,5.68815311030742,30,0.032370468163348,4.63191112366235,930,"exp200320","F05","5",2,0.0295014123955673,FALSE,FALSE,FALSE,0,0,0,FALSE,"VAN-110","1",0,"Survived",NA,NA,NA,NA,NA,NA,NA,NA,NA,NA
"BPH2840","exp200321_6_A03",350,0.0291546075530541,23.7932433304399,113.061733333333,880,6.35329308387737,90,0.00759817738195567,6.32269496181453,930,"exp200321","A03","6",2,0.0255147016443462,FALSE,FALSE,FALSE,0,0,0,FALSE,"VAN-111","8",0,"Survived",1,TRUE,NA,NA,FALSE,0,NA,NA,"index",NA
"BPH2841","exp200321_6_C10",330,0.0278875970566001,24.8635152055258,112.123666666667,770,6.0486318465363,90,0.0246434223340604,5.88712756205354,930,"exp200321","C10","6",2,0.0143643076176102,FALSE,FALSE,FALSE,0,0,0,FALSE,"VAN-111","8",0,NA,0,TRUE,0,1,FALSE,0,"Persistent",5,"paired-invasive",NA
"BPH2842","exp200321_6_B02",350,0.0292828944436132,23.6721871622167,115.127511111,900,6.35040754751219,60,0.000144180097129886,6.34548219666965,930,"exp200321","B02","6",2,0.00702376916856849,FALSE,FALSE,FALSE,0,0,0,FALSE,"VAN-112","22",1,NA,NA,NA,NA,NA,NA,NA,NA,NA,NA,NA
"BPH2843","exp200321_6_E08",280,0.0286543082200344,24.1982409899601,126.609333333333,860,6.44560477068978,60,0.0533798051935149,6.42906384829397,930,"exp200321","E08","6",2,0.034117444218464,FALSE,FALSE,FALSE,0,0,0,FALSE,"VAN-112","22",1,"Survived",NA,NA,NA,NA,NA,NA,NA,NA,NA,NA
"BPH2844","exp200321_6_A07",345,0.0561517547050204,12.3442340004131,119.325,870,6.25324876262943,75,0.0138500378413191,6.23208287372903,930,"exp200321","A07","6",1.5,0.00971253485622231,FALSE,FALSE,FALSE,0,0,0,FALSE,"VAN-113","20",0,"Survived",NA,NA,NA,NA,NA,NA,NA,NA,NA,NA
"BPH2845","exp200321_6_D09",400,0.0200349987972103,34.6442627969401,97.923,890,5.90842241969568,70,0.0294929730530872,5.8509917438432,930,"exp200321","D09","6",2,0.0155349069303081,FALSE,FALSE,FALSE,0,0,0,FALSE,"VAN-114","1",1,"Survived",NA,NA,NA,NA,NA,NA,NA,NA,NA,NA
"BPH2846","exp200321_6_A11",340,0.0281506476861461,24.625768332924,102.014111111,850,5.39648445542906,100,0.000753792439541451,5.32621997440395,930,"exp200321","A11","6",2,0.0125299640861417,FALSE,FALSE,FALSE,0,0,0,FALSE,"VAN-115","-",0,"Survived",NA,NA,NA,NA,NA,NA,NA,NA,NA,NA
"BPH2847","exp200321_6_D04",285,0.02940758222792,23.6619787578811,127.6678166665,840,6.62710685023014,45,0.0278154992263617,6.55991164927412,930,"exp200321","D04","6",2,0.0347898452617044,FALSE,FALSE,FALSE,0,0,0,FALSE,"VAN-116","22",1,"Died",NA,NA,NA,NA,NA,NA,NA,NA,NA,NA
"BPH2848","exp200321_6_C07",330,0.0256202366234769,27.0714313926464,109.610888888667,820,5.69620332953244,90,0.0166232963335219,5.61753786602601,930,"exp200321","C07","6",2,0.0535941539100426,FALSE,FALSE,FALSE,0,0,0,FALSE,"VAN-117","1",0,"Survived",NA,NA,NA,NA,NA,NA,NA,NA,NA,NA
"BPH2849","exp200321_6_C02",345,0.0291890891402004,23.7542634427288,110.4481666665,840,5.9082086075908,60,-0.00122026004019879,5.88675171206266,930,"exp200321","C02","6",2,0.0055075705472861,FALSE,FALSE,FALSE,0,0,0,FALSE,"VAN-118","-",0,"Survived",NA,NA,NA,NA,NA,NA,NA,NA,NA,NA
"BPH2850","exp200321_6_B08",320,0.029844926481215,23.2273904592404,117.091,840,6.02919078149415,70,0.0156210466308876,5.99984598221685,930,"exp200321","B08","6",2,0.007,FALSE,FALSE,FALSE,0,0,0,FALSE,"VAN-118","-",0,NA,NA,NA,NA,NA,NA,NA,NA,NA,NA,NA
"BPH2851","exp200321_6_B09",270,0.0294000077612975,23.5783965499761,132.3885,930,6.44820309428492,30,0.0483840700542621,6.44820309428492,930,"exp200321","B09","6",2.5,0.0475850116458253,FALSE,FALSE,FALSE,0,0,0,FALSE,"VAN-119","-",1,"Survived",NA,NA,NA,NA,NA,NA,NA,NA,NA,NA
"BPH2852","exp200321_6_A02",490,0.0234225872180463,29.6463705806602,81.1471555553334,920,5.73475722414863,50,0.00062004341969252,5.73440719760723,930,"exp200321","A02","6",2,0.0122882057274445,FALSE,FALSE,FALSE,0,0,0,FALSE,"VAN-121","101",0,"Survived",NA,NA,NA,NA,NA,NA,NA,NA,NA,NA
"BPH2853","exp200321_6_B11",380,0.0257806351065311,26.8959811801305,97.978011111,840,5.65818043939785,90,0.000830061566507998,5.61646392868112,930,"exp200321","B11","6",2,0.00173205080756888,FALSE,FALSE,FALSE,0,0,0,FALSE,"VAN-122","30",0,"Survived",NA,NA,NA,NA,NA,NA,NA,NA,NA,NA
"BPH2854","exp200321_6_A06",360,0.027419199045994,25.3106710472723,107.692,930,6.24148004666245,120,0.003219927590992,6.24148004666245,930,"exp200321","A06","6",2,0.0228108161479008,FALSE,FALSE,FALSE,0,0,0,FALSE,"VAN-123","8",1,"Survived",NA,NA,NA,NA,NA,NA,NA,NA,NA,NA
"BPH2855","exp200321_6_F03",330,0.0262131038689099,26.4466885223106,115.600333333333,910,6.19875531163838,60,0.0190414659445578,6.16262739617131,930,"exp200321","F03","6",2,0.0152752523165195,FALSE,FALSE,FALSE,0,0,0,FALSE,"VAN-124","15",0,"Survived",NA,NA,NA,NA,NA,NA,NA,NA,NA,NA
"BPH2856","exp200321_6_A10",340,0.0221474609610349,31.3610910065897,96.6486666666667,920,5.49017616722292,110,0.0168150910876165,5.45367904361263,930,"exp200321","A10","6",2,0.0103923048454133,FALSE,FALSE,FALSE,0,0,0,FALSE,"VAN-125","22",0,"Survived",NA,NA,NA,NA,NA,NA,NA,NA,NA,NA
"BPH2857","exp200321_6_A12",460,0.0210978138337158,33.2907215073224,80.379,860,5.58811670459581,100,0.0148905767369268,5.56118100840447,930,"exp200321","A12","6",2,0.00929157324317757,FALSE,FALSE,FALSE,0,0,0,FALSE,"VAN-126","101",0,NA,NA,NA,NA,NA,NA,NA,NA,NA,NA,NA
"BPH2858","exp200321_6_C08",330,0.0246962863145439,28.0751665063907,100.132,870,5.51080258875636,70,0.0216258440318724,5.49022291176763,930,"exp200321","C08","6",2,0.0104083299973307,FALSE,FALSE,FALSE,0,0,0,FALSE,"VAN-126","22",1,"Survived",NA,NA,NA,NA,NA,NA,NA,NA,NA,NA
"BPH2859","exp200321_6_A09",280,0.0274988476472666,25.207775546913,118.692511111,800,5.8508486773003,70,0.0124525326556703,5.66422442289308,930,"exp200321","A09","6",2,0.00808290376865476,FALSE,FALSE,FALSE,0,0,0,FALSE,"VAN-127","93",1,"Survived",NA,NA,NA,NA,NA,NA,NA,NA,NA,NA
"BPH2860","exp200321_6_E03",360,0.0485865714918688,14.2662295213801,145.265233333,690,8.01578579502705,60,0.00047736460994671,7.33252344713543,930,"exp200321","E03","6",2,0.0277848879788996,FALSE,FALSE,FALSE,0,0,0,FALSE,"VAN-128","88",0,"Survived",NA,NA,NA,NA,NA,NA,NA,NA,NA,NA
"BPH2861","exp200321_6_C06",350,0.0279797996728214,24.7777196374556,111.383811111,890,6.26189145609098,70,0.00403488680900065,6.24704851892771,930,"exp200321","C06","6",2,0.00808290376865476,FALSE,FALSE,FALSE,0,0,0,FALSE,"VAN-129","39",0,"Survived",1,TRUE,NA,NA,FALSE,0,NA,NA,"index",NA
"BPH2862","exp200321_6_A01",340,0.0280144862256075,24.9172011752701,107.979622222,840,5.84797399711086,70,0.00135318982300572,5.75940966084847,930,"exp200321","A01","6",2,0.00737111479583199,FALSE,FALSE,FALSE,0,0,0,FALSE,"VAN-129","39",0,NA,0,TRUE,0,1,FALSE,0,"Persistent",3,"paired-invasive",NA
"BPH2863","exp200321_6_B10",360,0.0241304689919812,28.7365686282357,99.153,850,5.57859824709765,60,0.0107329812629272,5.5052660310769,930,"exp200321","B10","6",2,0.0128970280814354,FALSE,FALSE,FALSE,0,0,0,FALSE,"VAN-130","-",0,"Survived",1,TRUE,NA,NA,FALSE,0,NA,NA,"index",NA
"BPH2864","exp200321_6_B01",390,0.0241788090386364,28.6890874622519,96.6587444443334,830,5.64302539990191,70,0.00158513821528885,5.58726693008123,930,"exp200321","B01","6",2,0.00850490054811538,FALSE,FALSE,FALSE,0,0,0,FALSE,"VAN-130","-",0,NA,0,TRUE,0,0,FALSE,0,"Persistent",4,"paired-invasive",NA
"BPH2865","exp200321_6_B05",360,0.028887149152719,24.0023369098035,103.706333333333,860,5.81695782403256,70,-0.000576444520742201,5.78596133191973,930,"exp200321","B05","6",2,0.0105039675043925,FALSE,FALSE,FALSE,0,0,0,FALSE,"VAN-131","46",0,"Survived",NA,NA,NA,NA,NA,NA,NA,NA,NA,NA
"BPH2866","exp200321_6_F05",280,0.0294888018971153,23.5098198617467,121.596666666667,830,6.10780608415289,40,0.010031608837068,6.02748987583556,930,"exp200321","F05","6",2,0.00650640709864771,FALSE,FALSE,FALSE,0,0,0,FALSE,"VAN-132","15",0,"Survived",NA,NA,NA,NA,NA,NA,NA,NA,NA,NA
"BPH2867","exp200321_6_A08",320,0.0279942963880837,24.7944536698164,106.716977777667,810,5.51923431801889,50,0.0131749239662071,5.46784577334251,930,"exp200321","A08","6",2,0.0172143351115671,FALSE,FALSE,FALSE,0,0,0,FALSE,"VAN-132","15",0,NA,NA,NA,NA,NA,NA,NA,NA,NA,NA,NA
"BPH2887","exp200228_M1_A03",855,0.00500185485007665,138.580957879782,19.54025,930,2.16422744333244,75,-0.00449780798738798,2.16422744333244,930,"exp200228","A03","M1",2,0.0253245598842968,FALSE,FALSE,FALSE,0,0,0,FALSE,"VAN-148","45",1,"Died",1,TRUE,NA,NA,FALSE,0,NA,NA,"index",NA
"BPH2896","exp200228_M1_C10",540,0.00168997884696514,429.723288665155,7.01633333333334,880,0.55282552305898,70,-0.0134648577920619,0.534278854700841,930,"exp200228","C10","M1",2,0.00493288286231625,FALSE,FALSE,FALSE,0,0,0,FALSE,"VAN-155","239",1,"Died",NA,NA,NA,NA,NA,NA,NA,NA,NA,NA
"BPH2902","exp200226_P2_B05",250,0.0271870594344786,25.498279472046,122.971,840,5.99393930726242,50,0.00686826460031208,5.9326485545723,930,"exp200226","B05","P2",2,0.0188237438713273,FALSE,FALSE,FALSE,0,0,0,FALSE,"VAN-160","45",1,"Survived",1,TRUE,NA,NA,FALSE,0,NA,NA,"index",NA
"BPH2904","exp200226_P2_B03",270,0.0283661360758254,24.4384616047531,129.293488889,920,6.56495550861489,80,0.00860005289914986,6.56025078469402,930,"exp200226","B03","P2",2,0.0100664459136943,FALSE,FALSE,FALSE,0,0,0,FALSE,"VAN-160","45",1,NA,0,TRUE,0,3,FALSE,0,NA,1,"paired-colonising","clfA / agrA / Nitroreductase family protein"
"BPH2934","exp200228_M1_B02",675,0.013830908627474,50.1158379459525,43.7397166665,930,4.64996237540042,0,-0.00866419930361739,4.64996237540042,930,"exp200228","B02","M1",2,0.00493288286231625,FALSE,FALSE,FALSE,0,0,0,FALSE,"VAN-184","291",0,"Died",NA,NA,NA,NA,NA,NA,NA,NA,NA,NA
"BPH2938","exp200228_M1_E08",570,0.0148490160930352,46.8289518809556,62.9609333333334,930,5.22934038513999,40,0.00443934732113693,5.22934038513999,930,"exp200228","E08","M1",2,0.0101488915650922,FALSE,FALSE,FALSE,0,0,0,FALSE,"VAN-188","30",0,"Died",NA,NA,NA,NA,NA,NA,NA,NA,NA,NA
"BPH2942","exp200226_P2_C06",220,0.0286310146155854,24.2190408178529,130.364388889,860,5.89624205376014,50,0.00560041012323352,5.71412048431717,930,"exp200226","C06","P2",2,0.0126753040726183,FALSE,FALSE,FALSE,0,0,0,FALSE,"VAN-192","5",0,"Survived",1,TRUE,NA,NA,FALSE,0,NA,NA,"index",NA
"BPH2943","exp200226_P2_C05",220,0.0285735116276785,24.2593863235802,132.755188889,930,6.10441875370144,30,0.0079941765339207,6.10441875370144,930,"exp200226","C05","P2",2,0.0118462370959446,FALSE,FALSE,FALSE,0,0,0,FALSE,"VAN-192","5",0,NA,0,TRUE,0,0,FALSE,-0.5,"Relapse (after treatment)",65,"paired-invasive",NA
"BPH2949","exp200228_M1_A07",710,0.0133327610188009,52.0695630782416,42.8311777776667,930,4.77973576439379,90,-0.00891103993951801,4.77973576439379,930,"exp200228","A07","M1",2,0.00907377172587747,FALSE,FALSE,FALSE,0,0,0,FALSE,"VAN-197","1",1,"Died",NA,NA,NA,NA,NA,NA,NA,NA,NA,NA
"BPH2962","exp200226_P2_B09",230,0.0310109710385222,22.3568536921391,143.409622222333,920,6.66152884376076,40,-0.00171078915313723,6.66029296923874,930,"exp200226","B09","P2",2,0.00848312049503797,FALSE,FALSE,FALSE,0,0,0,FALSE,"VAN-207","20",0,"Survived",1,TRUE,NA,NA,FALSE,0,NA,NA,"index",NA
"BPH2963","exp200226_P2_B10",230,0.0309895066405901,22.3718223051732,142.898333333333,900,6.65410313736695,40,0.00202558995285048,6.64422217333409,930,"exp200226","B10","P2",2,0.00862167810425171,FALSE,FALSE,FALSE,0,0,0,FALSE,"VAN-207","20",0,NA,0,TRUE,0,5,FALSE,0,"Persistent",3,"paired-invasive","ggt_1 / SigmaW regulon antibacterial / hutG / entB"
"BPH2965","exp200228_M1_D09",560,0.0171406820612659,40.5374455677873,68.4841777776667,930,5.41652558757675,40,-0.00913759734374924,5.41652558757675,930,"exp200228","D09","M1",2,0.00891679630227675,FALSE,FALSE,FALSE,0,0,0,FALSE,"VAN-208","8",0,"Died",1,TRUE,NA,NA,FALSE,0,NA,NA,"index",NA
"BPH2976","exp200219_P1_D11",340,0.0253651181469425,27.3308689154344,120.226,920,6.9476528214772,0,-0.197837086790374,6.92821828742194,930,"exp200219","D11","P1",2,0.0098657657246325,FALSE,FALSE,FALSE,0,0,0,FALSE,"VAN-216","-",1,"Survived",1,TRUE,NA,NA,FALSE,0,NA,NA,"index",NA
"BPH2977","exp200219_P1_B11",320,0.0255929675231672,27.092064484694,123.906666666667,900,6.83896069710657,0,-0.194427638615798,6.77359484493782,930,"exp200219","B11","P1",2,0.0176162803489651,FALSE,FALSE,FALSE,0,0,0,FALSE,"VAN-216","-",1,NA,0,TRUE,0,0,FALSE,0.5,"Persistent",3,"paired-invasive",NA
"BPH2978","exp200219_P1_B06",310,0.0266855005538646,25.9751031621028,127.573333333333,890,6.84339858975141,0,-0.200387209248202,6.77788643521973,930,"exp200219","B06","P1",2,0.0066583281184794,FALSE,FALSE,FALSE,0,0,0,FALSE,"VAN-216","-",1,NA,0,TRUE,0,1,FALSE,0,"Persistent",6,"paired-invasive","fabF"
"BPH2979","exp200219_P1_B04",310,0.025602148054074,27.076243399325,124.902666666667,930,6.77551005683675,0,-0.186195276376547,6.77551005683675,930,"exp200219","B04","P1",2,0.0229128784747792,FALSE,FALSE,FALSE,0,0,0,FALSE,"VAN-216","-",1,NA,0,TRUE,0,1,FALSE,0.5,"Persistent",8,"paired-invasive",NA
"BPH2980","exp200219_P1_C04",280,0.0259266250477077,26.7377870979686,130.451,890,6.89968733294376,0,-0.182352907391631,6.79830501069137,930,"exp200219","C04","P1",2,0.00600000000000001,FALSE,FALSE,FALSE,0,0,0,FALSE,"VAN-216","-",1,NA,0,TRUE,0,2,FALSE,0,"Persistent",12,"paired-invasive","bcr_1 / pepS"
"BPH2981","exp200219_P1_B08",350,0.025573157501435,27.1120188468493,115.513,930,6.75791885039436,0,-0.188079379799088,6.75791885039436,930,"exp200219","B08","P1",2,0.0255147016443462,FALSE,FALSE,FALSE,0,0,0,FALSE,"VAN-216","-",1,NA,0,TRUE,0,12,FALSE,0.5,NA,5,"paired-colonising","gpsA / lepA / blaZ / hypothetical protein"
"BPH2982","exp200219_P1_C03",320,0.0259053049866466,26.7574186932775,121.73,900,6.76963341128204,0,-0.19704808158992,6.76374279815535,930,"exp200219","C03","P1",2,0.0101159939369957,FALSE,FALSE,FALSE,0,0,0,FALSE,"VAN-216","-",1,NA,0,TRUE,0,17,FALSE,1,NA,-139,"paired-colonising","gpsA / hypothetical protein / rny"
"BPH3225","exp200228_M1_A11",500,0.000477034149045598,1653.52534110478,2.69714444433333,860,0.18505333595021,40,-0.0072229769410123,0.180517333470242,930,"exp200228","A11","M1",2,0.00852188885730718,FALSE,FALSE,FALSE,0,0,0,FALSE,"VSS-026","-",0,"Died",NA,NA,NA,NA,NA,NA,NA,NA,NA,NA
"BPH3252","exp200228_M1_D04",570,0.0188779440297011,36.7275274665572,73.8669555553334,930,6.30641706338463,80,-0.00776042372568174,6.30641706338463,930,"exp200228","D04","M1",2,0.00780030851289206,FALSE,FALSE,FALSE,0,0,0,FALSE,"VSS-053","5",1,"Died",NA,NA,NA,NA,NA,NA,NA,NA,NA,NA
"BPH3276","exp200228_M1_C07",860,0.00331446018707678,232.943071761863,6.281844444,930,0.878730460822437,140,-0.0139134805953023,0.878730460822437,930,"exp200228","C07","M1",2,0.00817729448511525,FALSE,FALSE,FALSE,0,0,0,FALSE,"VSS-077","239",1,"Died",NA,NA,NA,NA,NA,NA,NA,NA,NA,NA
"BPH3306","exp200228_M1_C02",770,0.00335194537723683,232.070339077983,11.8246444443333,910,1.01294805874857,0,-0.00462762143990614,0.993873674673398,930,"exp200228","C02","M1",2,0.00458257569495584,FALSE,FALSE,FALSE,0,0,0,FALSE,"VSS-107","239",1,"Died",NA,NA,NA,NA,NA,NA,NA,NA,NA,NA
"BPH3328","exp200228_M1_B08",470,0.00191261413284788,372.551731229674,7.93189999966667,760,0.490141749367794,60,0.00593242139761666,0.453303489176103,930,"exp200228","B08","M1",2,0.0216316214224215,FALSE,FALSE,FALSE,0,0,0,FALSE,"VSS-129","239",1,"Died",NA,NA,NA,NA,NA,NA,NA,NA,NA,NA
"BPH3336","exp200226_P2_C02",240,0.0284465203948422,24.3687443532497,126.704666666667,790,5.89956386017501,50,-0.000425915790707332,5.81376524804196,930,"exp200226","C02","P2",2,0.00152752523165195,FALSE,FALSE,FALSE,0,0,0,FALSE,"VSS-137","5",1,"Survived",1,TRUE,NA,NA,FALSE,0,NA,NA,"index",NA
"BPH3337","exp200226_P2_B07",240,0.0296670494908615,23.3802912344408,131.124455555667,900,6.3592862893161,50,0.0058214985290199,6.31138962657829,930,"exp200226","B07","P2",2,0.00577350269189626,FALSE,FALSE,FALSE,0,0,0,FALSE,"VSS-138","8",0,"Survived",1,TRUE,NA,NA,FALSE,0,NA,NA,"index",NA
"BPH3350","exp200228_M1_A04",600,0.0142036889665383,48.9723386066683,53.6397666666667,930,4.97348699042723,60,-0.0133480337453791,4.97348699042723,930,"exp200228","A04","M1",2,0.00723417813807023,FALSE,FALSE,FALSE,0,0,0,FALSE,"VSS-151","45",0,"Died",NA,NA,NA,NA,NA,NA,NA,NA,NA,NA
"BPH3358","exp200228_M1_A02",680,0.0150416354437764,46.1206005258559,52.1424666666667,930,5.18904634556757,60,-0.0110593091118927,5.18904634556757,930,"exp200228","A02","M1",2,0.00556776436283002,FALSE,FALSE,FALSE,0,0,0,FALSE,"VSS-159","30",1,"Died",NA,NA,NA,NA,NA,NA,NA,NA,NA,NA
"BPH3360","exp200228_M1_B11",460,0.00251830950007335,279.488013337883,10.0050888886667,680,0.617798224777573,30,-0.00793537025102706,0.569460241500754,930,"exp200228","B11","M1",2,0.0098488578017961,FALSE,FALSE,FALSE,0,0,0,FALSE,"VSS-161","239",1,"Died",NA,NA,NA,NA,NA,NA,NA,NA,NA,NA
"BPH3361","exp200228_M1_A06",640,0.00291022030092227,241.196694997907,13.0706666666667,850,0.898625563539255,50,-0.0102870277102145,0.759013665273435,930,"exp200228","A06","M1",2,0.00907377172587747,FALSE,FALSE,FALSE,0,0,0,FALSE,"VSS-162","8",0,"Died",NA,NA,NA,NA,NA,NA,NA,NA,NA,NA
"BPH3367","exp200228_M1_F03",615,0.0116713823435897,59.5846175454724,44.35545,930,4.17446268522927,30,0.00211267465232497,4.17446268522927,930,"exp200228","F03","M1",1.5,0.0150443787951957,FALSE,FALSE,FALSE,0,0,0,FALSE,"VSS-170","101",0,"Died",NA,NA,NA,NA,NA,NA,NA,NA,NA,NA
"BPH3383","exp200228_M1_A10",910,0.00706046419434785,119.267063651622,26.3830777776667,930,2.75230213528699,0,-0.00924570490289776,2.75230213528699,930,"exp200228","A10","M1",2,0.000577350269189625,FALSE,FALSE,FALSE,0,0,0,FALSE,"VSS-186","199",0,"Died",NA,NA,NA,NA,NA,NA,NA,NA,NA,NA
"BPH3384","exp200228_M1_A12",590,0.0176806264279181,39.2628223470318,64.102222222,930,5.91628806609054,50,-0.0101891142322591,5.91628806609054,930,"exp200228","A12","M1",2,0.00351188458428425,FALSE,FALSE,FALSE,0,0,0,FALSE,"VSS-187","22",1,"Died",NA,NA,NA,NA,NA,NA,NA,NA,NA,NA
"BPH3394","exp200228_M1_C08",690,0.00370933477408979,195.44460063908,16.6239888886667,930,1.62947187097886,20,-0.00113890576172203,1.62947187097886,930,"exp200228","C08","M1",2,0.00793725393319377,FALSE,FALSE,FALSE,0,0,0,FALSE,"VSS-197","239",1,"Died",NA,NA,NA,NA,NA,NA,NA,NA,NA,NA
"BPH3396","exp200228_M1_A09",520,0.0191935186794047,36.1202971984892,76.0829444443334,930,6.1237705752439,0,-0.0107921026343379,6.1237705752439,930,"exp200228","A09","M1",2,0.007,FALSE,FALSE,FALSE,0,0,0,FALSE,"VSS-199","22",1,"Died",NA,NA,NA,NA,NA,NA,NA,NA,NA,NA
"BPH3412","exp200228_M1_E03",730,0.0176131582614377,39.6410090108372,50.5808555553334,930,5.61281684507456,110,-0.00909647245089559,5.61281684507456,930,"exp200228","E03","M1",2,0.00757187779440037,FALSE,FALSE,FALSE,0,0,0,FALSE,"VSS-216","5",0,"Died",NA,NA,NA,NA,NA,NA,NA,NA,NA,NA
"BPH3416","exp200228_M1_C06",610,0.0189507340823619,36.5828364677573,64.2854333333334,930,6.1560634029303,80,-0.0137900817464803,6.1560634029303,930,"exp200228","C06","M1",2,0.00416333199893227,FALSE,FALSE,FALSE,0,0,0,FALSE,"VSS-220","5",0,"Died",NA,NA,NA,NA,NA,NA,NA,NA,NA,NA
"BPH3423","exp200228_M1_A01",765,0.00929491000617158,79.3957695276085,31.612233333,930,3.45423517873205,75,-0.00378415695705741,3.45423517873205,930,"exp200228","A01","M1",2.5,0.00417736385331264,FALSE,FALSE,FALSE,0,0,0,FALSE,"VSS-227","20",0,"Died",0,TRUE,0,0,FALSE,-0.5,"Unknown",8,"paired-invasive",NA
"BPH3425","exp200228_M1_B10",710,0.0131329268233047,53.5976392252954,40.6845777776667,930,4.43265217125926,80,-0.00965170094393217,4.43265217125926,930,"exp200228","B10","M1",2,0.00752191844520375,FALSE,FALSE,FALSE,0,0,0,FALSE,"VSS-229","6",0,"Died",NA,NA,NA,NA,NA,NA,NA,NA,NA,NA
"BPH3427","exp200226_P2_C11",240,0.0288603667010389,24.0202732452381,130.585,840,6.16225126800507,10,0.00922979187884169,6.10913022566917,930,"exp200226","C11","P2",2,0.0120554275466834,FALSE,FALSE,FALSE,0,0,0,FALSE,"VSS-231","22",1,"Survived",1,TRUE,NA,NA,FALSE,0,NA,NA,"index",NA
"BPH3433","exp200228_M1_B01",560,0.00263749894136224,275.044478380086,8.880111111,740,0.619209675302723,50,-0.00559857534445094,0.528123546048824,930,"exp200228","B01","M1",2,0.00173205080756888,FALSE,FALSE,FALSE,0,0,0,FALSE,"VSS-237","239",1,"Died",1,TRUE,NA,NA,FALSE,0,NA,NA,"index",NA
"BPH3448","exp200228_M1_B05",650,0.0148774443438018,46.598873275317,50.6381444443334,930,5.03568298541385,20,-0.00696344936304037,5.03568298541385,930,"exp200228","B05","M1",2,0.0055075705472861,FALSE,FALSE,FALSE,0,0,0,FALSE,"VSS-252","30",0,"Died",NA,NA,NA,NA,NA,NA,NA,NA,NA,NA
"BPH3451","exp200228_M1_F05",610,0.00168421983840641,417.967621605631,7.75325555533334,880,0.500630921169126,0,-0.00164240080968626,0.486279665211127,930,"exp200228","F05","M1",2,0.00754983443527075,FALSE,FALSE,FALSE,0,0,0,FALSE,"VSS-255","239",1,"Died",NA,NA,NA,NA,NA,NA,NA,NA,NA,NA
"BPH3453","exp200228_M1_A08",450,0.00230524749169275,301.328165099159,10.0071444443333,820,0.68137562619801,30,-0.00330963788401896,0.598403147411483,930,"exp200228","A08","M1",2,0.00712002905164693,FALSE,FALSE,FALSE,0,0,0,FALSE,"VSS-257","239",1,"Died",1,FALSE,NA,NA,FALSE,0,NA,NA,"index",NA
"BPH3455","exp200313_M2_A03",320,0.0254274745355029,27.2682051029846,114.427333333333,880,6.14123988230404,30,0.0310240247978044,6.06543922424044,930,"exp200313","A03","M2",2,0.0122882057274445,FALSE,FALSE,FALSE,0,0,0,FALSE,"VSS-259","239",1,"Died",NA,NA,NA,NA,NA,NA,NA,NA,NA,NA
"BPH3478","exp200313_M2_C10",280,0.0285486474819787,24.3011824982239,119.734077777667,790,5.83163833064984,40,0.00964328933814636,5.72185506113803,930,"exp200313","C10","M2",2,0.00838649708360608,FALSE,FALSE,FALSE,0,0,0,FALSE,"VSS-282","6",0,"Died",NA,NA,NA,NA,NA,NA,NA,NA,NA,NA
"BPH3483","exp200313_M2_B02",350,0.0260009463749582,26.7095772301781,111.484722222,830,6.27467380351186,40,-0.00069626648078568,6.1937564010087,930,"exp200313","B02","M2",2,0.00173205080756888,FALSE,FALSE,FALSE,0,0,0,FALSE,"VSS-287","239",1,"Died",NA,NA,NA,NA,NA,NA,NA,NA,NA,NA
"BPH3504","exp200313_M2_E08",270,0.0293872601235404,23.5883013461864,127.237333333333,800,6.25223907297854,30,0.0148544377971073,6.18131121403896,930,"exp200313","E08","M2",2,0.0115325625946708,FALSE,FALSE,FALSE,0,0,0,FALSE,"VSS-308","78",0,"Died",NA,NA,NA,NA,NA,NA,NA,NA,NA,NA
"BPH3506","exp200313_M2_A07",330,0.0280652116499477,24.7311527984359,108.573,830,5.66664015837265,60,0.00300421641688828,5.57289982114957,930,"exp200313","A07","M2",2,0.000577350269189626,FALSE,FALSE,FALSE,0,0,0,FALSE,"VSS-310","45",0,"Died",NA,NA,NA,NA,NA,NA,NA,NA,NA,NA
"BPH3515","exp200313_M2_D09",280,0.0277770288148576,24.9566636084057,125.188,870,6.12984735411306,30,0.0103034206245451,6.10344902237595,930,"exp200313","D09","M2",2,0.00814452781524708,FALSE,FALSE,FALSE,0,0,0,FALSE,"VSS-319","22",1,"Died",NA,NA,NA,NA,NA,NA,NA,NA,NA,NA
"BPH3521","exp200313_M2_A11",310,0.02582842442979,26.8393674426217,110.027977777667,800,5.61418320410834,70,0.00587800715042698,5.53935773255276,930,"exp200313","A11","M2",2,0.00577350269189626,FALSE,FALSE,FALSE,0,0,0,FALSE,"VSS-325","-",1,"Died",NA,NA,NA,NA,NA,NA,NA,NA,NA,NA
"BPH3525","exp200313_M2_D04",310,0.026128206422682,26.5292727980408,115.180333333333,800,5.97692144496848,30,0.0104540730986754,5.92068421157833,930,"exp200313","D04","M2",2,0.0062449979983984,FALSE,FALSE,FALSE,0,0,0,FALSE,"VSS-329","239",1,"Died",NA,NA,NA,NA,NA,NA,NA,NA,NA,NA
"BPH3533","exp200313_M2_C07",350,0.0250629326322835,27.6902527627602,108.853666666667,900,6.04823760690187,40,0.0115897271265559,5.97145919708839,930,"exp200313","C07","M2",2,0.0130511813003013,FALSE,FALSE,FALSE,0,0,0,FALSE,"VSS-337","239",1,"Died",NA,NA,NA,NA,NA,NA,NA,NA,NA,NA
"BPH3535","exp200226_P2_D11",320,0.0261461752227368,26.5188242802318,119.747022222333,880,6.50404896431898,20,0.00154181576255955,6.49413834475219,930,"exp200226","D11","P2",2,0.00945163125250521,FALSE,FALSE,FALSE,0,0,0,FALSE,"VSS-339","239",1,"Survived",1,TRUE,NA,NA,FALSE,0,NA,NA,"index",NA
"BPH3541","exp200313_M2_C02",420,0.0229062011282874,30.2913786781773,90.138,840,5.78824839487249,70,-0.00383523403207371,5.65362081802026,930,"exp200313","C02","M2",2,0.00556776436283002,FALSE,FALSE,FALSE,0,0,0,FALSE,"VSS-345","239",1,"Died",NA,NA,NA,NA,NA,NA,NA,NA,NA,NA
"BPH3549","exp200313_M2_B08",330,0.0238186242969896,29.1078966639808,108.174333333333,810,5.86144039804798,50,0.0172899666932006,5.73899634410849,930,"exp200313","B08","M2",2,0.003,FALSE,FALSE,FALSE,0,0,0,FALSE,"VSS-353","239",1,"Died",NA,NA,NA,NA,NA,NA,NA,NA,NA,NA
"BPH3560","exp200313_M2_A04",250,0.0300130853087771,23.141066296535,135.857677777667,800,6.44502365468844,30,0.00390933413340915,6.32338942018944,930,"exp200313","A04","M2",2,0.00757187779440037,FALSE,FALSE,FALSE,0,0,0,FALSE,"VSS-367","8",0,"Died",NA,NA,NA,NA,NA,NA,NA,NA,NA,NA
"BPH3563","exp200313_M2_A02",350,0.0313461328333082,22.184453029504,119.685522222333,800,6.35806215136707,90,0.0144017375441275,6.26710115655206,930,"exp200313","A02","M2",2,0.00763762615825973,FALSE,FALSE,FALSE,0,0,0,FALSE,"VSS-370","20",0,"Died",NA,NA,NA,NA,NA,NA,NA,NA,NA,NA
"BPH3572","exp200313_M2_B11",285,0.0493894233051846,14.3006325796967,133.165983333,795,6.38477558270527,75,-0.0086915571681905,6.08686798027351,930,"exp200313","B11","M2",2.5,0.0195637515871308,FALSE,FALSE,FALSE,0,0,0,FALSE,"VSS-379","78",1,"Died",NA,NA,NA,NA,NA,NA,NA,NA,NA,NA
"BPH3594","exp200313_M2_A06",360,0.0274145080017468,25.6736209787007,96.7585777776667,920,5.66150549135166,50,0.00602726851538199,5.66094907379744,930,"exp200313","A06","M2",2,0.00321455025366432,FALSE,FALSE,FALSE,0,0,0,FALSE,"VSS-403","22",1,"Died",NA,NA,NA,NA,NA,NA,NA,NA,NA,NA
"BPH3617","exp200313_M2_F03",320,0.0283110067472884,24.4835200766077,112.780333333333,840,5.97343412976745,60,0.00513005162724373,5.95331199778348,930,"exp200313","F03","M2",2,0.0125830573921179,FALSE,FALSE,FALSE,0,0,0,FALSE,"VSS-436","45",0,"Died",NA,NA,NA,NA,NA,NA,NA,NA,NA,NA
"BPH3627","exp200313_M2_A10",290,0.0288175881298965,24.0652113844399,125.997244444333,820,6.12841189303132,20,0.00684165285512963,5.96068974284461,930,"exp200313","A10","M2",2,0.00251661147842358,FALSE,FALSE,FALSE,0,0,0,FALSE,"VSS-446","5",0,"Died",NA,NA,NA,NA,NA,NA,NA,NA,NA,NA
"BPH3644","exp200313_M2_A12",380,0.0230213773911594,30.1937509271737,93.1258777776667,830,5.5268442529296,70,0.00297740127779461,5.42385700277623,930,"exp200313","A12","M2",2,0.0109696551146029,FALSE,FALSE,FALSE,0,0,0,FALSE,"VSS-463","239",1,"Died",NA,NA,NA,NA,NA,NA,NA,NA,NA,NA
"BPH3646","exp200313_M2_C08",370,0.0230023742505819,30.1782151403749,98.701,910,5.8320075522564,50,0.00897924400029261,5.81326208117071,930,"exp200313","C08","M2",2,0.00115470053837925,FALSE,FALSE,FALSE,0,0,0,FALSE,"VSS-465","239",1,"Died",NA,NA,NA,NA,NA,NA,NA,NA,NA,NA
"BPH3676","exp200313_M2_A09",350,0.0241750428380186,28.7547409347622,102.587977777667,920,5.86028129648966,50,0.000249792566991849,5.85976786010344,930,"exp200313","A09","M2",2,0.00305505046330389,FALSE,FALSE,FALSE,0,0,0,FALSE,"VSS-497","239",1,"Died",NA,NA,NA,NA,NA,NA,NA,NA,NA,NA
"BPH3680","exp200313_M2_E03",350,0.0240308243277905,28.9455925687671,113.832,900,6.71941252170405,50,0.0051459403186748,6.70999850743383,930,"exp200313","E03","M2",2,0.003,FALSE,FALSE,FALSE,0,0,0,FALSE,"VSS-503","239",1,"Died",NA,NA,NA,NA,NA,NA,NA,NA,NA,NA
"BPH3681","exp200313_M2_C06",340,0.0254265824602425,27.6142096637849,112.823077777667,770,5.90865545853112,50,0.00789176981523192,5.70877125082966,930,"exp200313","C06","M2",2,0.00435889894354067,FALSE,FALSE,FALSE,0,0,0,FALSE,"VSS-504","-",0,"Died",NA,NA,NA,NA,NA,NA,NA,NA,NA,NA
"BPH3690","exp200313_M2_A01",270,0.0284698079597542,24.3815187697522,123.986666666667,810,6.0397966724881,20,0.0224323541304261,5.91256994017302,930,"exp200313","A01","M2",2,0.0205507501890645,FALSE,FALSE,FALSE,0,0,0,FALSE,"VSS-515","22",1,"Died",1,TRUE,NA,NA,FALSE,0,NA,NA,"index",NA
"BPH3698","exp200313_M2_B10",370,0.0238379507389146,29.1515222414449,100.948211111,910,5.90941809330608,50,-0.000991295138065939,5.88987284272171,930,"exp200313","B10","M2",2,0.00907377172587747,FALSE,FALSE,FALSE,0,0,0,FALSE,"VSS-531","239",1,"Died",NA,NA,NA,NA,NA,NA,NA,NA,NA,NA
"BPH3706","exp200226_P2_B11",290,0.0254435604947092,27.2762371753169,121.917,910,6.43491257019749,10,0.00472934448549704,6.41166199785437,930,"exp200226","B11","P2",2,0.00971253485622231,FALSE,FALSE,FALSE,0,0,0,FALSE,"VSS-541","239",1,"Survived",1,TRUE,NA,NA,FALSE,0,NA,NA,"index",NA
"BPH3708","exp200313_M2_B01",510,0.0260686247029981,27.1501137364055,116.115333333333,920,6.98010761242464,40,0.00948870845976094,6.93158104357441,930,"exp200313","B01","M2",2,0.0122202018532156,FALSE,FALSE,FALSE,0,0,0,FALSE,"VSS-543","239",1,"Died",NA,NA,NA,NA,NA,NA,NA,NA,NA,NA
"BPH3712","exp200313_M2_B05",360,0.0239220345468763,29.0000972489864,102.435133333333,900,5.91017699599417,50,0.0055680396471071,5.89626715073875,930,"exp200313","B05","M2",2,0.00404145188432738,FALSE,FALSE,FALSE,0,0,0,FALSE,"VSS-547","239",1,"Died",NA,NA,NA,NA,NA,NA,NA,NA,NA,NA
"BPH3723","exp200313_M2_F05",250,0.0275375850962846,25.1779474129024,127.834333333333,770,5.99191275312933,20,0.00936051491192127,5.88762480881639,930,"exp200313","F05","M2",2,0.0105039675043925,FALSE,FALSE,FALSE,0,0,0,FALSE,"VSS-558","1160",0,"Died",NA,NA,NA,NA,NA,NA,NA,NA,NA,NA
"BPH3725","exp200313_M2_A08",240,0.0170752289133377,40.6657246122481,74.661,920,3.79949600386322,30,0.00582127900095211,3.7912028835149,930,"exp200313","A08","M2",2,0.00781024967590665,FALSE,FALSE,FALSE,0,0,0,FALSE,"VSS-560","97",0,"Died",NA,NA,NA,NA,NA,NA,NA,NA,NA,NA
"BPH3733","exp200226_P2_B06",420,0.02711137575027,25.5713766935922,105.234333333333,930,6.40078503463814,40,0.00436738223614093,6.40078503463814,930,"exp200226","B06","P2",2,0.00808290376865476,FALSE,FALSE,FALSE,0,0,0,FALSE,"VSS-137","5",1,NA,0,TRUE,0,2,TRUE,0.5,"Persistent",14,"paired-invasive","hypothetical protein / ywlC"
"BPH3734","exp200226_P2_B04",240,0.030386162966916,22.8114467051442,133.748,885,6.23244025552928,0,0.00772137940887238,6.20279955130167,930,"exp200226","B04","P2",2,0.00458257569495584,FALSE,FALSE,FALSE,0,0,0,FALSE,"VSS-138","8",0,NA,0,TRUE,0,4,FALSE,0,"Relapse (on treatment)",7,"paired-invasive","isdH / sdrD_2"
"BPH3747","exp200226_P2_C04",250,0.0290892107871019,23.8392401848333,127.238722222333,870,6.0396881051708,20,0.00366867022756657,5.89190154534815,930,"exp200226","C04","P2",2,0.00832666399786453,FALSE,FALSE,FALSE,0,0,0,FALSE,"VSS-231","22",1,NA,0,TRUE,0,1,FALSE,0,"Unknown",8,"paired-invasive","gsiD_2"
"BPH3752","exp200226_P2_B08",340,0.0320916420610811,21.6024660335878,123.635822222333,910,6.70835726308403,20,0.00466165044564359,6.69974894511615,930,"exp200226","B08","P2",2,0.0150996688705415,FALSE,FALSE,FALSE,0,0,0,FALSE,"VSS-339","239",1,NA,0,TRUE,0,0,FALSE,1,"Relapse (on treatment)",23,"paired-invasive",NA
"BPH3757","exp200226_P2_C03",290,0.0243281810979459,28.4962281497297,123.528822222333,840,6.29253193301206,20,0.00678999777811903,6.23479147180422,930,"exp200226","C03","P2",2,0.0117287396310658,FALSE,FALSE,FALSE,0,0,0,FALSE,"VSS-541","239",1,NA,0,TRUE,0,1,FALSE,0,"Unknown",36,"paired-invasive","agrA"
"JE2","exp190831_2_C12",266.4,0.0269719565283181,25.7349377027207,117.84188,850.8,5.67837100082092,26.4,0.0174340601411725,5.57951682782337,930,"exp190831","C12","2",1.96,0.0808247319920537,FALSE,FALSE,FALSE,0,0,0,FALSE,"CONTROL","8",1,NA,NA,NA,NA,NA,FALSE,NA,NA,NA,NA,NA
"Non infected","exp190831_2_A05",285,0.000389053619836711,9428.80477475388,-1.44033518525,484.166666666667,0.00576791358670095,285,-0.160902511723125,-0.132638608128612,930,"exp190831","A05","2",2,0.0702295250499143,FALSE,FALSE,FALSE,0,0,0,FALSE,"CONTROL",NA,NA,NA,NA,NA,NA,NA,NA,NA,NA,NA,NA,NA
"TOX-4","exp190831_2_B06",327.6,0.0234230929715526,29.6635084002406,108.60954533332,840,5.9995616972425,33.6,0.00221886882337596,5.88738281364003,930,"exp190831","B06","2",1.96,0.0737298586970846,FALSE,FALSE,FALSE,0,0,0,FALSE,"CONTROL",NA,NA,NA,NA,NA,NA,NA,NA,NA,NA,NA,NA,NA
