,,Time,0 h ,0 h 15 min,0 h 30 min,0 h 45 min,1 h ,1 h 15 min,1 h 30 min,1 h 45 min,2 h ,2 h 15 min,2 h 30 min,2 h 45 min,3 h ,3 h 15 min,3 h 30 min,3 h 45 min,4 h ,4 h 15 min,4 h 30 min,4 h 45 min,5 h ,5 h 15 min,5 h 30 min,5 h 45 min,6 h ,6 h 15 min,6 h 30 min,6 h 45 min,7 h ,7 h 15 min,7 h 30 min,7 h 45 min,8 h ,8 h 15 min,8 h 30 min,8 h 45 min,9 h ,9 h 15 min,9 h 30 min,9 h 45 min,10 h ,10 h 15 min,10 h 30 min,10 h 45 min,11 h ,11 h 15 min,11 h 30 min,11 h 45 min,12 h ,12 h 15 min,12 h 30 min,12 h 45 min,13 h ,13 h 15 min,13 h 30 min,13 h 45 min,14 h ,14 h 15 min,14 h 30 min,14 h 45 min,15 h ,15 h 15 min,15 h 30 min,15 h 45 min
H,10,Blank B,,,,,,,,,,,,,,,,,,,,,,,,,,,,,,,,,,,,,,,,,,,,,,,,,,,,,,,,,,,,,,,,
H,11,Blank B,,,,,,,,,,,,,,,,,,,,,,,,,,,,,,,,,,,,,,,,,,,,,,,,,,,,,,,,,,,,,,,,
H,12,Blank B,,,,,,,,,,,,,,,,,,,,,,,,,,,,,,,,,,,,,,,,,,,,,,,,,,,,,,,,,,,,,,,,
A,1,Sample X1,0.008,0.015,0.009,0.009,0.017,0.007,0.014,0.026,0.009,0.002,0.007,0.002,0.002,0.01,0.002,0.005,0.01,0.014,0.025,0.036,0.063,0.104,0.16500000000000001,0.23599999999999999,0.40799999999999997,0.61899999999999999,0.91200000000000003,1.3160000000000001,1.724,2.1960000000000002,2.6,2.8420000000000001,3.11,3.3420000000000001,3.484,3.617,3.7170000000000001,3.8559999999999999,3.98,4.1219999999999999,4.2830000000000004,4.4340000000000002,4.6449999999999996,4.63,4.7160000000000002,4.8929999999999998,4.8769999999999998,5.0279999999999996,5.069,5.0629999999999997,5.0659999999999998,5.12,5.1740000000000004,5.2229999999999999,5.2619999999999996,5.2080000000000002,5.2169999999999996,5.2960000000000003,5.27,5.33,5.2670000000000003,5.3380000000000001,5.2530000000000001,5.282
A,2,Sample X2,0.003,0.027,0.015,0.025,0.016,0.009,-0.004,0.008,-0.002,0.017,0.023,0.004,-0.001,0.007,0.015,0.025,0.043,0.066,0.10100000000000001,0.157,0.23400000000000001,0.36499999999999999,0.55200000000000005,0.60699999999999998,1.0389999999999999,1.4350000000000001,1.93,2.4649999999999999,2.911,3.274,3.6349999999999998,3.8450000000000002,4.09,4.258,4.4420000000000002,4.6189999999999998,4.7460000000000004,4.9359999999999999,5.0309999999999997,5.1550000000000002,5.2590000000000003,5.37,5.4660000000000002,5.54,5.5949999999999998,5.68,5.7480000000000002,5.7839999999999998,5.8540000000000001,5.9139999999999997,5.91,5.9889999999999999,6.0190000000000001,6.0650000000000004,6.1219999999999999,6.149,6.149,6.2110000000000003,6.2409999999999997,6.2569999999999997,6.2350000000000003,6.3209999999999997,6.3639999999999999,6.3609999999999998
A,3,Sample X3,0.004,0.012,0.002,0.007,0.007,0.008,0.005,0.019,0.009,0.015,0.023,0.03,0.047,0.072,0.112,0.184,0.25700000000000001,0.39800000000000002,0.59599999999999997,0.86599999999999999,1.258,1.6830000000000001,2.226,2.4500000000000002,3.0870000000000002,3.4289999999999998,3.6720000000000002,3.8420000000000001,4.0049999999999999,4.2549999999999999,4.3570000000000002,4.5069999999999997,4.7270000000000003,4.8520000000000003,5.03,5.1660000000000004,5.28,5.375,5.4119999999999999,5.4690000000000003,5.5259999999999998,5.6289999999999996,5.734,5.7880000000000003,5.8310000000000004,5.9240000000000004,5.9349999999999996,5.96,5.96,5.9870000000000001,6.0039999999999996,6.0129999999999999,6.0890000000000004,6.0910000000000002,6.13,6.141,6.17,6.2149999999999999,6.2350000000000003,6.2670000000000003,6.2329999999999997,6.3230000000000004,6.319,6.3470000000000004
A,4,Sample X4,0.023,0.03,0.017,0.019,0.022,0.027,0.02,0.039,0.028,0.033,0.046,0.056,0.07,0.086,0.13200000000000001,0.18099999999999999,0.26800000000000002,0.374,0.52900000000000003,0.76100000000000001,1.042,1.421,1.8080000000000001,2.1110000000000002,2.8719999999999999,3.7309999999999999,3.5739999999999998,3.7919999999999998,4.165,4.2450000000000001,4.4240000000000004,4.58,4.734,4.8540000000000001,5.0270000000000001,5.1660000000000004,5.3010000000000002,5.431,5.5469999999999997,5.6219999999999999,5.6950000000000003,5.7480000000000002,5.8159999999999998,5.899,5.9219999999999997,5.9649999999999999,5.992,5.9980000000000002,6.0170000000000003,6.0490000000000004,6.024,6.0510000000000002,6.0549999999999997,6.0289999999999999,6.0510000000000002,6.0430000000000001,6.0140000000000002,6,5.9450000000000003,5.952,5.9189999999999996,5.931,5.8860000000000001,5.8449999999999998
A,5,Sample X5,0.001,0.002,-0.011,-0.004,-0.007,-0.004,-0.01,0.004,-0.011,-0.011,-0.008,-0.009,-0.011,-0.01,-0.009,-0.01,-0.007,-0.009,-0.009,-0.011,-0.011,-0.011,-0.012,-0.013,-0.012,-0.011,-0.012,-0.016,-0.015,-0.012,-0.006,-0.008,-0.012,-0.011,-0.012,-0.011,-0.008,-0.011,-0.01,-0.011,-0.014,-0.012,-0.01,-0.01,-0.012,-0.011,-0.012,-0.012,-0.008,-0.009,-0.01,-0.013,-0.014,-0.014,-0.009,-0.017,-0.012,-0.013,-0.017,-0.011,-0.01,-0.013,-0.01,-0.018
A,6,Sample X6,0.017,0.031,0.032,0.037,0.035,0.043,0.046,0.069,0.075,0.091,0.125,0.16300000000000001,0.219,0.30499999999999999,0.45300000000000001,0.66800000000000004,1.0149999999999999,1.383,1.903,2.403,2.9729999999999999,3.3519999999999999,3.6160000000000001,3.5009999999999999,3.9049999999999998,4.056,4.1849999999999996,4.2869999999999999,4.444,4.5549999999999997,4.6340000000000003,4.7569999999999997,4.8760000000000003,4.9509999999999996,5.08,5.1449999999999996,5.218,5.27,5.3360000000000003,5.3490000000000002,5.3869999999999996,5.42,5.4219999999999997,5.4640000000000004,5.4939999999999998,5.4969999999999999,5.53,5.516,5.524,5.5380000000000003,5.5339999999999998,5.5289999999999999,5.5529999999999999,5.5380000000000003,5.5679999999999996,5.5209999999999999,5.5640000000000001,5.5410000000000004,5.52,5.5060000000000002,5.5190000000000001,5.5250000000000004,5.5250000000000004,5.4740000000000002
A,7,Sample X7,0.024,0.035,0.02,0.034,0.034,0.045,0.05,0.08,0.099,0.13400000000000001,0.193,0.28999999999999998,0.41499999999999998,0.6,0.86399999999999999,1.2270000000000001,1.7370000000000001,2.246,2.8170000000000002,3.2109999999999999,3.6230000000000002,3.9009999999999998,4.1029999999999998,3.988,4.4260000000000002,4.5659999999999998,4.7210000000000001,4.7519999999999998,4.9630000000000001,5.1269999999999998,5.2309999999999999,5.3170000000000002,5.4020000000000001,5.4720000000000004,5.5590000000000002,5.6189999999999998,5.6550000000000002,5.6980000000000004,5.7489999999999997,5.7569999999999997,5.7919999999999998,5.7880000000000003,5.8040000000000003,5.8280000000000003,5.8440000000000003,5.8339999999999996,5.8529999999999998,5.8220000000000001,5.8239999999999998,5.827,5.7990000000000004,5.8109999999999999,5.8159999999999998,5.7450000000000001,5.78,5.7649999999999997,5.7469999999999999,5.7460000000000004,5.694,5.7050000000000001,5.6980000000000004,5.6550000000000002,5.6719999999999997,5.6390000000000002
A,8,Sample X8,0.011,0.014,-0.003,0.012,0.003,0.011,0.007,0.018,0.001,0.004,0.016,0.016,0.028,0.046,0.06,0.095,0.17499999999999999,0.24299999999999999,0.38900000000000001,0.59899999999999998,0.89900000000000002,1.377,1.7729999999999999,2.048,2.802,3.1030000000000002,3.4990000000000001,3.5329999999999999,3.89,4.0289999999999999,4.24,4.4480000000000004,4.5359999999999996,4.625,4.7809999999999997,4.8659999999999997,4.931,4.9980000000000002,5.0999999999999996,5.1660000000000004,5.242,5.2539999999999996,5.3410000000000002,5.4130000000000003,5.4610000000000003,5.5,5.5830000000000002,5.6020000000000003,5.6390000000000002,5.6790000000000003,5.6890000000000001,5.77,5.8220000000000001,5.7850000000000001,5.8810000000000002,5.92,5.9450000000000003,5.9470000000000001,5.9390000000000001,6.0659999999999998,6.0579999999999998,6.0739999999999998,6.1120000000000001,6.056
A,9,Sample X9,0.014,0.012,0.003,0.008,0.01,0.009,0.007,0.005,0.01,0.015,0.017,0.023,0.021,0.032,0.043,0.059,0.10100000000000001,0.13400000000000001,0.192,0.28399999999999997,0.41299999999999998,0.58599999999999997,0.75600000000000001,0.81100000000000005,1.421,1.8009999999999999,2.2429999999999999,2.5760000000000001,3.1560000000000001,3.4710000000000001,3.7919999999999998,3.9359999999999999,4.0869999999999997,4.1879999999999997,4.383,4.5369999999999999,4.673,4.8010000000000002,4.976,5.093,5.2050000000000001,5.2690000000000001,5.4160000000000004,5.51,5.5789999999999997,5.65,5.7510000000000003,5.7960000000000003,5.843,5.8959999999999999,5.9509999999999996,5.98,6.0220000000000002,5.9969999999999999,6.0549999999999997,6.06,6.1150000000000002,6.1139999999999999,6.0369999999999999,6.1379999999999999,6.1210000000000004,6.085,6.1269999999999998,6.0620000000000003
A,10,Sample X10,0.005,0.016,-0.000033,0.006,0.007,0.006,0.006,0.008,0.012,0.009,0.01,0.025,0.021,0.036,0.055,0.089,0.14699999999999999,0.2,0.29199999999999998,0.438,0.63800000000000001,0.88200000000000001,1.121,1.3149999999999999,1.986,2.4260000000000002,2.8559999999999999,3.1840000000000002,3.5960000000000001,3.71,3.923,4.16,4.2519999999999998,4.2949999999999999,4.47,4.6219999999999999,4.7720000000000002,4.9089999999999998,5.0640000000000001,5.1639999999999997,5.2480000000000002,5.29,5.3979999999999997,5.4610000000000003,5.5049999999999999,5.5309999999999997,5.5819999999999999,5.6050000000000004,5.6289999999999996,5.6840000000000002,5.7039999999999997,5.73,5.7809999999999997,5.7610000000000001,5.8129999999999997,5.8419999999999996,5.8819999999999997,5.88,5.8449999999999998,5.9930000000000003,5.9619999999999997,5.9480000000000004,5.992,5.9260000000000002
A,11,Sample X11,-0.000433,0.008,-0.001,0.004,0.005,0.007,0.002,-0.0001,-0.0005,0.001,0.004,0,-0.001,0.003,0.005,0.006,0.018,0.016,0.027,0.037,0.059,0.099,0.14399999999999999,0.16,0.32800000000000001,0.47499999999999998,0.69399999999999995,0.95899999999999996,1.4970000000000001,1.895,2.395,2.8610000000000002,3.1819999999999999,3.4249999999999998,3.6989999999999998,3.8260000000000001,3.9820000000000002,4.16,4.3470000000000004,4.4829999999999997,4.6429999999999998,4.7240000000000002,4.8869999999999996,4.9829999999999997,5.0609999999999999,5.1109999999999998,5.2069999999999999,5.2549999999999999,5.298,5.3849999999999998,5.4080000000000004,5.5039999999999996,5.5439999999999996,5.5129999999999999,5.61,5.6269999999999998,5.6550000000000002,5.6539999999999999,5.601,5.7249999999999996,5.6920000000000002,5.6959999999999997,5.7030000000000003,5.5890000000000004
A,12,Sample X12,0.014,0.012,0.002,0.007,0.006,0.006,0.004,0.005,0.005,0.007,0.015,0.016,0.026,0.042,0.062,0.096,0.16700000000000001,0.23699999999999999,0.39200000000000002,0.56100000000000005,0.83699999999999997,1.2310000000000001,1.627,1.9510000000000001,2.6160000000000001,3.0110000000000001,3.45,3.5379999999999998,3.9039999999999999,4.0469999999999997,4.2549999999999999,4.3890000000000002,4.4580000000000002,4.5620000000000003,4.7080000000000002,4.798,4.8319999999999999,4.8949999999999996,5.0039999999999996,5.0599999999999996,5.1029999999999998,5.085,5.1459999999999999,5.13,5.1150000000000002,5.1109999999999998,5.09,5.1130000000000004,5.093,5.077,5.0369999999999999,5.0430000000000001,5.0540000000000003,5.0369999999999999,5.0209999999999999,5.0069999999999997,4.97,4.9480000000000004,4.9219999999999997,4.9139999999999997,4.8710000000000004,4.8410000000000002,4.84,4.8019999999999996
B,1,Sample X13,0.004,0.011,0.000267,0.003,0.006,0.007,-0.000267,-0.0008,0.005,0.005,0.009,0.005,0.012,0.017,0.025,0.032,0.056,0.081,0.12,0.17299999999999999,0.27400000000000002,0.39100000000000001,0.59099999999999997,0.71499999999999997,1.141,1.5649999999999999,2.117,2.5760000000000001,2.871,3.1960000000000002,3.4350000000000001,3.5659999999999998,3.7570000000000001,3.9689999999999999,4.0999999999999996,4.21,4.3239999999999998,4.4290000000000003,4.5670000000000002,4.6580000000000004,4.7389999999999999,4.82,4.88,4.9720000000000004,5.0129999999999999,5.1059999999999999,5.08,5.2009999999999996,5.24,5.28,5.3070000000000004,5.3109999999999999,5.3150000000000004,5.3579999999999997,5.3230000000000004,5.3659999999999997,5.3840000000000003,5.3949999999999996,5.4160000000000004,5.4029999999999996,5.4119999999999999,5.4240000000000004,5.4119999999999999,5.4470000000000001
B,2,Sample X14,-0.001,0.005,-0.007,-0.003,-0.003,-0.003,-0.005,-0.004,-0.008,-0.004,-0.003,-0.005,-0.008,-0.001,-0.002,-0.000767,0.004,0.006,0.017,0.021,0.037,0.066,0.113,0.13,0.26100000000000001,0.40500000000000003,0.60599999999999998,0.96799999999999997,1.3580000000000001,1.8919999999999999,2.444,2.8370000000000002,3.173,3.4940000000000002,3.7410000000000001,3.915,4.0940000000000003,4.2859999999999996,4.4139999999999997,4.5860000000000003,4.7380000000000004,4.907,5.0670000000000002,5.1980000000000004,5.2809999999999997,5.3789999999999996,5.4260000000000002,5.4909999999999997,5.53,5.5529999999999999,5.59,5.6280000000000001,5.6429999999999998,5.6820000000000004,5.7309999999999999,5.7469999999999999,5.8070000000000004,5.8339999999999996,5.8780000000000001,5.8780000000000001,5.91,5.9569999999999999,5.984,6.0149999999999997
B,3,Sample X15,0.01,0.012,-0.004,0.0005,-0.000433,0.002,-0.000067,0.0001,0.004,0.006,0.011,0.021,0.033,0.051,0.086,0.13700000000000001,0.214,0.33800000000000002,0.48799999999999999,0.69599999999999995,0.97799999999999998,1.3069999999999999,1.8340000000000001,2.1739999999999999,2.774,3.0950000000000002,3.4260000000000002,3.6970000000000001,3.8130000000000002,4.016,4.1740000000000004,4.2830000000000004,4.4710000000000001,4.5979999999999999,4.7110000000000003,4.798,4.9009999999999998,4.9669999999999996,5.0430000000000001,5.0860000000000003,5.1050000000000004,5.1459999999999999,5.2069999999999999,5.2220000000000004,5.2809999999999997,5.327,5.2910000000000004,5.3079999999999998,5.2930000000000001,5.3869999999999996,5.4379999999999997,5.3689999999999998,5.3739999999999997,5.4489999999999998,5.3650000000000002,5.3559999999999999,5.4470000000000001,5.335,5.391,5.35,5.391,5.4160000000000004,5.4269999999999996,5.391
B,4,Sample X16,0.02,0.022,0.01,0.019,0.018,0.022,0.02,0.026,0.043,0.045,0.073,0.112,0.13600000000000001,0.217,0.32700000000000001,0.48299999999999998,0.67500000000000004,0.90600000000000003,1.252,1.6930000000000001,2.2789999999999999,2.855,3.1429999999999998,3.3130000000000002,3.8210000000000002,4.056,4.2709999999999999,4.4800000000000004,4.6459999999999999,4.7930000000000001,4.9219999999999997,5.0049999999999999,5.1449999999999996,5.2629999999999999,5.37,5.4340000000000002,5.5369999999999999,5.5759999999999996,5.6550000000000002,5.7050000000000001,5.73,5.758,5.8129999999999997,5.8339999999999996,5.8280000000000003,5.8639999999999999,5.8710000000000004,5.8860000000000001,5.8650000000000002,5.8339999999999996,5.8319999999999999,5.8490000000000002,5.7670000000000003,5.7939999999999996,5.7939999999999996,5.77,5.7539999999999996,5.7270000000000003,5.71,5.6989999999999998,5.6520000000000001,5.6470000000000002,5.6479999999999997,5.6189999999999998
B,5,Sample X17,0.005,0.008,-0.004,0.0009,0.002,0.003,0.003,0.002,0.008,0.015,0.027,0.033,0.04,0.066,0.106,0.161,0.23100000000000001,0.373,0.504,0.61599999999999999,0.77600000000000002,1.0509999999999999,1.3480000000000001,1.671,2.121,2.4790000000000001,2.9540000000000002,3.262,3.5350000000000001,3.8130000000000002,4.0039999999999996,4.133,4.3170000000000002,4.4740000000000002,4.62,4.726,4.83,4.9249999999999998,5.0199999999999996,5.1100000000000003,5.1619999999999999,5.2169999999999996,5.29,5.3479999999999999,5.3959999999999999,5.4630000000000001,5.4969999999999999,5.5279999999999996,5.5890000000000004,5.6120000000000001,5.6470000000000002,5.7220000000000004,5.758,5.7960000000000003,5.8339999999999996,5.8680000000000003,5.9409999999999998,5.9820000000000002,5.9820000000000002,6.0620000000000003,6.0640000000000001,6.12,6.1340000000000003,6.14
B,6,Sample X18,0.007,0.017,-0.001,0.008,0.006,0.008,0.005,0.006,0.009,0.018,0.02,0.029,0.034,0.057,0.078,0.109,0.17100000000000001,0.24399999999999999,0.315,0.44400000000000001,0.6,0.82,1.0880000000000001,1.3140000000000001,1.865,2.331,2.8239999999999998,3.1080000000000001,3.3460000000000001,3.5750000000000002,3.798,4.0179999999999998,4.2190000000000003,4.4009999999999998,4.54,4.6539999999999999,4.8019999999999996,4.9260000000000002,5.0579999999999998,5.1680000000000001,5.2830000000000004,5.383,5.508,5.5629999999999997,5.6340000000000003,5.7,5.7569999999999997,5.8,5.8360000000000003,5.867,5.8680000000000003,5.8959999999999999,5.9089999999999998,5.9379999999999997,6,6.0049999999999999,6.04,6.0439999999999996,6.048,6.0990000000000002,6.1020000000000003,6.1289999999999996,6.157,6.1310000000000002
B,7,Sample X19,0.009,0.01,-0.002,0.003,0.006,0.009,0.008,0.011,0.015,0.024,0.029,0.038,0.049,0.075,0.128,0.184,0.29399999999999998,0.46700000000000003,0.65100000000000002,0.96699999999999997,1.4039999999999999,1.827,2.3679999999999999,2.7389999999999999,3.3069999999999999,3.6160000000000001,3.7530000000000001,3.87,4.0069999999999997,4.1529999999999996,4.2960000000000003,4.4260000000000002,4.57,4.6669999999999998,4.8070000000000004,4.9219999999999997,5.0359999999999996,5.1310000000000002,5.2270000000000003,5.2809999999999997,5.3230000000000004,5.3810000000000002,5.4539999999999997,5.4859999999999998,5.53,5.5510000000000002,5.59,5.5990000000000002,5.5830000000000002,5.6280000000000001,5.625,5.6390000000000002,5.6539999999999999,5.6369999999999996,5.6580000000000004,5.673,5.6740000000000004,5.68,5.6909999999999998,5.7229999999999999,5.7140000000000004,5.7050000000000001,5.7249999999999996,5.7370000000000001
B,8,Sample X20,-0.002,0.005,-0.006,0.001,0.006,0.002,-0.002,0.001,-0.0006,0.0001,0.006,0.003,-0.002,0.002,0.006,0.003,0.011,0.007,0.01,0.013,0.016,0.022,0.027,0.018,0.059,0.076,0.10199999999999999,0.127,0.186,0.245,0.32,0.41499999999999998,0.53400000000000003,0.70199999999999996,0.91800000000000004,1.167,1.5860000000000001,1.958,2.4620000000000002,2.8839999999999999,3.3639999999999999,3.7440000000000002,4.0650000000000004,4.3209999999999997,4.5049999999999999,4.6429999999999998,4.8159999999999998,4.9480000000000004,5.056,5.2030000000000003,5.2789999999999999,5.359,5.4420000000000002,5.5410000000000004,5.6609999999999996,5.7,5.7590000000000003,5.8159999999999998,5.8170000000000002,5.95,5.9710000000000001,6.01,6.07,6.0949999999999998
B,9,Sample X21,0.018,0.017,0.004,0.011,0.012,0.014,0.012,0.015,0.022,0.027,0.037,0.046,0.065,0.094,0.14299999999999999,0.20399999999999999,0.29299999999999998,0.437,0.64,0.89800000000000002,1.26,1.694,2.1190000000000002,2.528,3.0529999999999999,3.4430000000000001,3.774,3.9820000000000002,4.2329999999999997,4.4379999999999997,4.5819999999999999,4.7489999999999997,4.891,5.0640000000000001,5.2460000000000004,5.3860000000000001,5.5209999999999999,5.65,5.774,5.8369999999999997,5.9329999999999998,5.9619999999999997,6.0750000000000002,6.109,6.16,6.2130000000000001,6.23,6.258,6.25,6.306,6.2919999999999998,6.3289999999999997,6.3140000000000001,6.3280000000000003,6.335,6.3280000000000003,6.3140000000000001,6.306,6.2460000000000004,6.3079999999999998,6.2969999999999997,6.3250000000000002,6.3440000000000003,6.3019999999999996
B,10,Sample X22,-0.003,0.002,-0.009,-0.004,-0.003,-0.003,-0.005,-0.006,-0.007,-0.005,-0.004,-0.004,-0.006,-0.004,0.001,0.006,0.017,0.027,0.045,0.077,0.123,0.19700000000000001,0.29299999999999998,0.315,0.69599999999999995,1.0229999999999999,1.4730000000000001,1.825,2.4,2.875,3.206,3.5510000000000002,3.726,3.8580000000000001,4.0419999999999998,4.1890000000000001,4.37,4.5670000000000002,4.7210000000000001,4.851,4.9989999999999997,5.101,5.2270000000000003,5.3079999999999998,5.4029999999999996,5.5019999999999998,5.5529999999999999,5.6219999999999999,5.6859999999999999,5.7969999999999997,5.8369999999999997,5.8559999999999999,5.9539999999999997,5.97,6.05,6.0659999999999998,6.1230000000000002,6.1580000000000004,6.1289999999999996,6.266,6.2590000000000003,6.2859999999999996,6.3230000000000004,6.2679999999999998
B,11,Sample X23,0.015,0.017,0.008,0.012,0.017,0.02,0.025,0.028,0.041,0.056,0.075,0.109,0.15,0.23200000000000001,0.34899999999999998,0.49199999999999999,0.72699999999999998,1.0229999999999999,1.3979999999999999,1.9059999999999999,2.415,2.9550000000000001,3.222,3.294,3.847,4.0129999999999999,4.2469999999999999,4.3440000000000003,4.548,4.6609999999999996,4.7140000000000004,4.8019999999999996,4.859,4.9050000000000002,5.0039999999999996,5.0380000000000003,5.0960000000000001,5.1959999999999997,5.1639999999999997,5.1950000000000003,5.2069999999999999,5.2309999999999999,5.2249999999999996,5.218,5.22,5.242,5.2480000000000002,5.2519999999999998,5.2,5.2560000000000002,5.2240000000000002,5.2050000000000001,5.3019999999999996,5.2270000000000003,5.25,5.1970000000000001,5.2409999999999997,5.2789999999999999,5.7590000000000003,5.2939999999999996,5.3440000000000003,5.2279999999999998,5.2610000000000001,5.31
B,12,Sample X24,0.005,0.012,0.002,0.006,0.008,0.007,0.006,0.008,0.015,0.019,0.028,0.037,0.059,0.093,0.13800000000000001,0.214,0.33600000000000002,0.48,0.66800000000000004,0.92500000000000004,1.3129999999999999,1.827,2.3010000000000002,2.6379999999999999,3.2410000000000001,3.6349999999999998,3.9249999999999998,4.1180000000000003,4.4089999999999998,4.5599999999999996,4.7300000000000004,4.8620000000000001,4.952,5.0880000000000001,5.23,5.2960000000000003,5.4050000000000002,5.4740000000000002,5.548,5.585,5.617,5.6130000000000004,5.6529999999999996,5.6630000000000003,5.71,5.7539999999999996,5.76,5.81,5.8,5.8579999999999997,5.8520000000000003,5.8540000000000001,5.8929999999999998,5.9059999999999997,5.9690000000000003,5.9459999999999997,6,6.0289999999999999,5.9669999999999996,6.101,6.0780000000000003,6.117,6.1449999999999996,6.1230000000000002
C,1,Sample X25,0.003,0.005,-0.009,-0.003,-0.004,-0.002,-0.003,-0.002,0.0005,0.002,0.009,0.02,0.034,0.062,0.10299999999999999,0.161,0.248,0.38400000000000001,0.57799999999999996,0.85299999999999998,1.21,1.655,2.1230000000000002,2.4510000000000001,2.9390000000000001,3.25,3.4750000000000001,3.67,3.7709999999999999,3.9790000000000001,4.17,4.2679999999999998,4.4020000000000001,4.532,4.6120000000000001,4.6689999999999996,4.7030000000000003,4.774,4.8129999999999997,4.91,4.9420000000000002,5.0049999999999999,5.0110000000000001,5.0970000000000004,5.1139999999999999,5.1230000000000002,5.1420000000000003,5.1749999999999998,5.2149999999999999,5.1790000000000003,5.2590000000000003,5.2770000000000001,5.3010000000000002,5.3449999999999998,5.3010000000000002,5.3289999999999997,5.4,5.4059999999999997,5.4340000000000002,5.4569999999999999,5.4660000000000002,5.4950000000000001,5.5019999999999998,5.4790000000000001
C,2,Sample X26,0.005,0.01,-0.002,0.004,0.006,0.007,0.009,0.009,0.013,0.016,0.023,0.025,0.034,0.066,0.109,0.16900000000000001,0.249,0.42899999999999999,0.59299999999999997,0.86899999999999999,1.385,1.8280000000000001,2.3969999999999998,2.7349999999999999,3.3119999999999998,3.7490000000000001,4.0010000000000003,4.2069999999999999,4.4260000000000002,4.5789999999999997,4.7560000000000002,4.88,5.05,5.194,5.3220000000000001,5.4340000000000002,5.55,5.6289999999999996,5.73,5.8,5.859,5.8869999999999996,5.9669999999999996,6.0170000000000003,6.085,6.1349999999999998,6.1859999999999999,6.2320000000000002,6.2709999999999999,6.282,6.3440000000000003,6.391,6.45,6.4960000000000004,6.5540000000000003,6.6,6.6539999999999999,6.6619999999999999,6.7240000000000002,6.8049999999999997,6.806,6.8369999999999997,6.8849999999999998,6.8979999999999997
C,3,Sample X27,0.028,0.017,0.016,0.017,0.017,0.041,0.018,0.031,0.028,0.039,0.068,0.084,0.122,0.183,0.28899999999999998,0.42099999999999999,0.624,0.94299999999999995,1.3140000000000001,1.7669999999999999,2.234,2.7040000000000002,3.004,3.1419999999999999,3.55,3.7029999999999998,3.883,4.0339999999999998,4.1680000000000001,4.3109999999999999,4.4139999999999997,4.4969999999999999,4.6520000000000001,4.7519999999999998,4.8209999999999997,4.9109999999999996,5.0259999999999998,5.077,5.1580000000000004,5.1959999999999997,5.23,5.2729999999999997,5.3360000000000003,5.3449999999999998,5.3719999999999999,5.3789999999999996,5.4020000000000001,5.4089999999999998,5.4139999999999997,5.4119999999999999,5.4020000000000001,5.4210000000000003,5.4180000000000001,5.4009999999999998,5.4269999999999996,5.3789999999999996,5.4029999999999996,5.4640000000000004,5.3659999999999997,5.4029999999999996,5.2930000000000001,5.3230000000000004,5.367,5.2569999999999997
C,4,Sample X28,0.03,0.021,0.012,0.022,0.037,0.063,0.092,0.108,0.152,0.20300000000000001,0.313,0.49099999999999999,0.68799999999999994,0.96899999999999997,1.319,1.8029999999999999,2.2919999999999998,2.7879999999999998,3.0910000000000002,3.4020000000000001,3.669,3.83,4.0270000000000001,3.948,4.3559999999999999,4.4859999999999998,4.625,4.6849999999999996,4.8330000000000002,4.915,4.9770000000000003,5.03,5.101,5.157,5.1929999999999996,5.2389999999999999,5.2839999999999998,5.2939999999999996,5.335,5.3570000000000002,5.35,5.3639999999999999,5.3949999999999996,5.3890000000000002,5.391,5.4820000000000002,5.4180000000000001,5.4160000000000004,5.508,5.4640000000000004,5.5350000000000001,5.3780000000000001,5.681,5.4829999999999997,5.4850000000000003,5.5140000000000002,5.4710000000000001,5.3540000000000001,5.3879999999999999,5.484,5.4770000000000003,5.3680000000000003,5.4020000000000001,5.4870000000000001
C,5,Sample X29,0.016,0.025,0.008,0.014,0.015,0.015,0.016,0.016,0.021,0.027,0.036,0.051,0.061,0.095,0.14099999999999999,0.2,0.30399999999999999,0.45,0.65100000000000002,0.89900000000000002,1.262,1.756,2.25,2.407,3.0979999999999999,3.4060000000000001,3.669,3.78,4.0439999999999996,4.242,4.391,4.4989999999999997,4.5750000000000002,4.6639999999999997,4.71,4.7450000000000001,4.8609999999999998,4.8689999999999998,4.944,4.992,4.9950000000000001,5.0410000000000004,5.0949999999999998,5.1150000000000002,5.1260000000000003,5.0570000000000004,5.1150000000000002,5.3929999999999998,5.1989999999999998,5.3029999999999999,5.266,5.2149999999999999,5.351,5.2779999999999996,5.298,5.3280000000000003,5.3239999999999998,5.2750000000000004,5.2889999999999997,5.2939999999999996,5.2439999999999998,5.3159999999999998,5.2539999999999996,5.3780000000000001
C,6,Sample X30,0.013,0.013,0.003,0.006,0.008,0.01,0.011,0.013,0.023,0.035,0.052,0.077,0.11899999999999999,0.19400000000000001,0.29699999999999999,0.44800000000000001,0.68200000000000005,0.97799999999999998,1.3129999999999999,1.7010000000000001,2.5539999999999998,2.8010000000000002,3.2490000000000001,3.3889999999999998,3.823,4.0380000000000003,4.2759999999999998,4.4740000000000002,4.6760000000000002,4.8289999999999997,4.9690000000000003,5.0759999999999996,5.2320000000000002,5.319,5.4210000000000003,5.5110000000000001,5.5979999999999999,5.6619999999999999,5.7539999999999996,5.8019999999999996,5.8440000000000003,5.8650000000000002,5.9249999999999998,5.9489999999999998,5.9640000000000004,6.032,6.0609999999999999,6.093,6.0949999999999998,6.1210000000000004,6.149,6.141,6.1619999999999999,6.1669999999999998,6.1769999999999996,6.1479999999999997,6.1660000000000004,6.2190000000000003,6.1479999999999997,6.1230000000000002,6.1609999999999996,6.1749999999999998,6.1539999999999999,6.1470000000000002
C,7,Sample X31,0.031,0.029,0.024,0.026,0.028,0.032,0.032,0.033,0.046,0.051,0.065,0.081,0.112,0.16700000000000001,0.254,0.38500000000000001,0.57199999999999995,0.79900000000000004,1.1140000000000001,1.5309999999999999,2.0270000000000001,2.56,3.1120000000000001,3.2650000000000001,3.8109999999999999,4.0629999999999997,4.3360000000000003,4.5110000000000001,4.7050000000000001,4.8570000000000002,5.0060000000000002,5.1269999999999998,5.2320000000000002,5.3390000000000004,5.46,5.54,5.6420000000000003,5.7,5.7869999999999999,5.8239999999999998,5.883,5.9050000000000002,5.9619999999999997,5.9770000000000003,6.0259999999999998,6.0490000000000004,6.08,6.1059999999999999,6.1120000000000001,6.1509999999999998,6.149,6.1849999999999996,6.1950000000000003,6.2009999999999996,6.2060000000000004,6.2220000000000004,6.22,6.2080000000000002,6.173,6.266,6.194,6.2519999999999998,6.2750000000000004,6.1859999999999999
C,8,Sample X32,0.01,0.017,0.008,0.013,0.02,0.022,0.03,0.031,0.056,0.076,0.086,0.11799999999999999,0.16900000000000001,0.27200000000000002,0.436,0.65700000000000003,0.97099999999999997,1.3939999999999999,1.887,2.4769999999999999,2.988,3.327,3.6190000000000002,3.5510000000000002,4.0220000000000002,4.2279999999999998,4.45,4.5629999999999997,4.8129999999999997,4.9649999999999999,5.1050000000000004,5.2510000000000003,5.3330000000000002,5.4340000000000002,5.5369999999999999,5.6109999999999998,5.6920000000000002,5.7389999999999999,5.8049999999999997,5.867,5.9210000000000003,5.9580000000000002,5.9950000000000001,6.0259999999999998,6.0730000000000004,6.0720000000000001,6.1040000000000001,6.125,6.1470000000000002,6.1840000000000002,6.1849999999999996,6.2089999999999996,6.242,6.2190000000000003,6.26,6.2880000000000003,6.298,6.3120000000000003,6.3070000000000004,6.4039999999999999,6.3979999999999997,6.444,6.4630000000000001,6.3929999999999998
C,9,Sample X33,0.019,0.018,0.015,0.023,0.031,0.035,0.042,0.051,0.075,0.092,0.11700000000000001,0.159,0.23899999999999999,0.38,0.59199999999999997,0.871,1.254,1.7490000000000001,2.3069999999999999,2.839,3.181,3.5049999999999999,3.7519999999999998,3.6680000000000001,4.1680000000000001,4.3540000000000001,4.5549999999999997,4.6619999999999999,4.8630000000000004,5.0199999999999996,5.1660000000000004,5.2770000000000001,5.37,5.4409999999999998,5.532,5.5990000000000002,5.694,5.7370000000000001,5.8449999999999998,5.8810000000000002,5.9130000000000003,5.93,5.984,6.0010000000000003,6.0220000000000002,6.024,6.0540000000000003,6.0330000000000004,6.0720000000000001,6.0810000000000004,6.0819999999999999,6.1139999999999999,6.1210000000000004,6.101,6.1360000000000001,6.1079999999999997,6.1,6.0570000000000004,6.056,6.0510000000000002,5.9649999999999999,6.0119999999999996,5.9980000000000002,6.0149999999999997
C,10,Sample X34,0.009,0.006,-0.001,0.004,0.003,0.004,0.001,0.0007,0.002,0.002,0.003,0.003,0.003,0.005,0.007,0.008,0.015,0.016,0.02,0.026,0.035,0.05,0.062,0.06,0.11700000000000001,0.159,0.217,0.26300000000000001,0.37,0.48199999999999998,0.64,0.81699999999999995,1.0249999999999999,1.32,1.635,1.93,2.2879999999999998,2.64,2.9910000000000001,3.2290000000000001,3.3759999999999999,3.577,3.7890000000000001,3.968,4.1740000000000004,4.3410000000000002,4.5259999999999998,4.702,4.8479999999999999,5.016,5.1529999999999996,5.2619999999999996,5.4,5.5069999999999997,5.6379999999999999,5.73,5.8120000000000003,5.8739999999999997,5.9130000000000003,6.0389999999999997,6.085,6.1529999999999996,6.1980000000000004,6.194
C,11,Sample X35,0.029,0.025,0.02,0.029,0.036,0.029,0.04,0.043,0.052,0.062,0.078,0.081,0.094,0.122,0.156,0.214,0.315,0.437,0.59099999999999997,0.83599999999999997,1.139,1.5429999999999999,2.0299999999999998,2.1720000000000002,2.8980000000000001,3.306,3.74,3.9409999999999998,4.1070000000000002,4.3,4.46,4.6310000000000002,4.7699999999999996,4.93,5.0960000000000001,5.23,5.3739999999999997,5.5030000000000001,5.6230000000000002,5.7320000000000002,5.7969999999999997,5.883,5.984,6.0209999999999999,6.1210000000000004,6.15,6.1909999999999998,6.2510000000000003,6.2869999999999999,6.3550000000000004,6.3609999999999998,6.383,6.4139999999999997,6.415,6.4269999999999996,6.45,6.4580000000000002,6.444,6.43,6.4539999999999997,6.4119999999999999,6.4210000000000003,6.3860000000000001,6.3209999999999997
C,12,Sample X36,0.005,0.005,0.001,0.007,0.014,0.02,0.026,0.038,0.053,0.076,0.126,0.188,0.29399999999999998,0.45200000000000001,0.69799999999999995,1.032,1.4610000000000001,1.998,2.5489999999999999,3.036,3.4620000000000002,3.6680000000000001,3.8759999999999999,3.8290000000000002,4.2510000000000003,4.4139999999999997,4.532,4.6260000000000003,4.782,4.875,4.9779999999999998,5.0380000000000003,5.1269999999999998,5.17,5.2169999999999996,5.25,5.2889999999999997,5.2869999999999999,5.3380000000000001,5.3479999999999999,5.33,5.31,5.343,5.32,5.35,5.3479999999999999,5.3529999999999998,5.3810000000000002,5.3719999999999999,5.37,5.3650000000000002,5.3760000000000003,5.4029999999999996,5.3730000000000002,5.399,5.4,5.444,5.4169999999999998,5.4489999999999998,5.4669999999999996,5.4729999999999999,5.4950000000000001,5.5060000000000002,5.52
D,1,Sample X37,-0.002,-0.001,-0.01,-0.005,-0.007,-0.005,-0.008,-0.008,-0.009,-0.003,0.004,0.013,0.027,0.051,0.095,0.154,0.25,0.39800000000000002,0.64500000000000002,0.97,1.4179999999999999,1.929,2.407,2.8410000000000002,3.145,3.387,3.5859999999999999,3.8519999999999999,3.9870000000000001,4.109,4.327,4.3810000000000002,4.53,4.6399999999999997,4.7249999999999996,4.7960000000000003,4.8639999999999999,4.8879999999999999,4.9589999999999996,5.0110000000000001,5.0430000000000001,5.0940000000000003,5.13,5.1909999999999998,5.2060000000000004,5.27,5.2889999999999997,5.33,5.3639999999999999,5.4169999999999998,5.4409999999999998,5.4809999999999999,5.524,5.5940000000000003,5.6070000000000002,5.6340000000000003,5.6829999999999998,5.7169999999999996,5.7919999999999998,5.7990000000000004,5.8109999999999999,5.8760000000000003,5.9059999999999997,5.93
D,2,Sample X38,0.005,0.022,0.000367,0.004,0.004,0.016,0.001,0.022,0.012,0.011,0.023,0.032,0.052,0.084,0.128,0.20300000000000001,0.315,0.45800000000000002,0.72199999999999998,1.032,1.41,1.9359999999999999,2.4769999999999999,2.7869999999999999,3.181,3.4940000000000002,3.7370000000000001,3.89,4.0780000000000003,4.1749999999999998,4.3090000000000002,4.399,4.5780000000000003,4.6929999999999996,4.7939999999999996,4.8920000000000003,4.9889999999999999,5.0410000000000004,5.1130000000000004,5.1379999999999999,5.2190000000000003,5.3330000000000002,5.4180000000000001,5.4459999999999997,5.4779999999999998,5.5339999999999998,5.5410000000000004,5.6449999999999996,5.64,5.6870000000000003,5.6879999999999997,5.7290000000000001,5.7830000000000004,5.8049999999999997,5.8689999999999998,5.8529999999999998,5.8639999999999999,5.8879999999999999,5.952,5.9619999999999997,5.944,6.0010000000000003,5.9729999999999999,6.0579999999999998
D,3,Sample X39,0.024,0.011,0.006,0.008,0.009,0.012,0.01,0.016,0.019,0.027,0.031,0.035,0.044,0.07,0.095,0.13500000000000001,0.192,0.27600000000000002,0.41699999999999998,0.58399999999999996,0.78900000000000003,1.1259999999999999,1.55,1.865,2.4340000000000002,2.871,3.3170000000000002,3.7669999999999999,4.0519999999999996,4.1420000000000003,4.3150000000000004,4.4189999999999996,4.6210000000000004,4.7729999999999997,4.93,5.0780000000000003,5.2549999999999999,5.3710000000000004,5.5069999999999997,5.61,5.7119999999999997,5.81,5.9109999999999996,5.9859999999999998,6.0579999999999998,6.1340000000000003,6.1580000000000004,6.2060000000000004,6.2450000000000001,6.3120000000000003,6.3319999999999999,6.3540000000000001,6.3639999999999999,6.41,6.4379999999999997,6.4470000000000001,6.4729999999999999,6.4690000000000003,6.4770000000000003,6.484,6.4340000000000002,6.46,6.452,6.399
D,4,Sample X40,0.029,0.024,0.018,0.03,0.041,0.055,0.069,0.124,0.16400000000000001,0.23400000000000001,0.35499999999999998,0.51700000000000002,0.753,1.0189999999999999,1.256,2.0750000000000002,3.5289999999999999,4.7169999999999996,3.21,3.5590000000000002,3.6640000000000001,3.81,3.9620000000000002,4.0389999999999997,4.2069999999999999,4.3609999999999998,4.4770000000000003,4.6269999999999998,4.7249999999999996,4.8140000000000001,4.9210000000000003,4.9480000000000004,5.1040000000000001,5.1479999999999997,5.2389999999999999,5.2830000000000004,5.3650000000000002,5.3849999999999998,5.43,5.4610000000000003,5.5119999999999996,5.5389999999999997,5.5640000000000001,5.5880000000000001,5.617,5.6609999999999996,5.6769999999999996,5.6859999999999999,5.6749999999999998,5.71,5.6849999999999996,5.7220000000000004,5.7089999999999996,5.7110000000000003,5.7370000000000001,5.7220000000000004,5.7549999999999999,5.718,5.7510000000000003,5.7030000000000003,5.6980000000000004,5.7229999999999999,5.7089999999999996,5.6970000000000001
D,5,Sample X41,0.016,0.007,-0.000933,0.003,0.002,0.007,0.005,0.003,0.005,0.007,0.011,0.012,0.013,0.017,0.018,0.022,0.034,0.04,0.058,0.074,0.092,0.125,0.17199999999999999,0.193,0.26600000000000001,0.35499999999999998,0.48099999999999998,0.66700000000000004,0.85,1.0900000000000001,1.4159999999999999,1.7410000000000001,2.2869999999999999,2.7010000000000001,3.1349999999999998,3.5529999999999999,3.9060000000000001,4.1539999999999999,4.3230000000000004,4.4950000000000001,4.657,4.8129999999999997,4.9409999999999998,5.0640000000000001,5.1609999999999996,5.2590000000000003,5.3419999999999996,5.4160000000000004,5.4379999999999997,5.4989999999999997,5.5510000000000002,5.58,5.633,5.6710000000000003,5.7060000000000004,5.7290000000000001,5.7480000000000002,5.7610000000000001,5.8140000000000001,5.7949999999999999,5.7949999999999999,5.8209999999999997,5.8289999999999997,5.8159999999999998
D,6,Sample X42,0.011,0.011,0.002,0.006,0.007,0.008,0.004,0.006,0.008,0.01,0.016,0.024,0.028,0.044,0.061,0.086,0.13200000000000001,0.17199999999999999,0.26300000000000001,0.34100000000000003,0.48,0.67900000000000005,0.95199999999999996,1.238,1.665,2.1909999999999998,2.694,3.1019999999999999,3.4289999999999998,3.5579999999999998,3.82,4.04,4.298,4.4539999999999997,4.5860000000000003,4.7329999999999997,4.88,5.0199999999999996,5.1459999999999999,5.2839999999999998,5.3860000000000001,5.5010000000000003,5.5970000000000004,5.6849999999999996,5.7359999999999998,5.81,5.8470000000000004,5.8890000000000002,5.8940000000000001,5.9279999999999999,5.9390000000000001,5.9690000000000003,5.9690000000000003,5.9889999999999999,5.952,5.95,5.9459999999999997,5.9189999999999996,5.8929999999999998,5.9109999999999996,5.851,5.8140000000000001,5.7830000000000004,5.8090000000000002
D,7,Sample X43,0.022,0.046,0.062,0.048,0.048,0.064,0.045,0.059,0.077,0.078,0.104,0.13300000000000001,0.18,0.27400000000000002,0.36699999999999999,0.55400000000000005,0.82,1.24,1.73,2.2490000000000001,2.7410000000000001,3.0939999999999999,3.4039999999999999,3.3940000000000001,3.7959999999999998,3.9950000000000001,4.2080000000000002,4.3010000000000002,4.524,4.6760000000000002,4.8840000000000003,4.9909999999999997,5.1379999999999999,5.2619999999999996,5.3929999999999998,5.4720000000000004,5.6,5.6859999999999999,5.7729999999999997,5.8289999999999997,5.8760000000000003,5.9320000000000004,5.9939999999999998,6.06,6.0949999999999998,6.1459999999999999,6.2050000000000001,6.218,6.2229999999999999,6.2750000000000004,6.2759999999999998,6.2910000000000004,6.306,6.3179999999999996,6.3719999999999999,6.3620000000000001,6.359,6.3609999999999998,6.3689999999999998,6.4169999999999998,6.3789999999999996,6.4029999999999996,6.3929999999999998,6.3410000000000002
D,8,Sample X44,0.007,0.017,0.007,0.015,0.017,0.02,0.021,0.022,0.03,0.04,0.055,0.068,0.095,0.13900000000000001,0.21299999999999999,0.31900000000000001,0.499,0.77200000000000002,1.177,1.5740000000000001,1.988,2.5920000000000001,3.036,3.2029999999999998,3.5790000000000002,3.71,3.8519999999999999,3.9569999999999999,4.1349999999999998,4.3010000000000002,4.476,4.6210000000000004,4.7359999999999998,4.8280000000000003,4.9809999999999999,5.0750000000000002,5.1710000000000003,5.2450000000000001,5.3179999999999996,5.3719999999999999,5.4189999999999996,5.4550000000000001,5.5010000000000003,5.55,5.5819999999999999,5.6070000000000002,5.6159999999999997,5.6760000000000002,5.65,5.6689999999999996,5.6970000000000001,5.694,5.6959999999999997,5.7030000000000003,5.7439999999999998,5.7320000000000002,5.73,5.75,5.6669999999999998,5.7619999999999996,5.7439999999999998,5.7690000000000001,5.73,5.69
D,9,Sample X45,0.022,0.069,0.083,0.022,0.024,0.026,0.025,0.02,0.028,0.039,0.05,0.061,0.078,0.121,0.19700000000000001,0.28499999999999998,0.45900000000000002,0.67,0.98699999999999999,1.417,1.952,2.577,3.0550000000000002,3.206,3.7719999999999998,4.03,4.2519999999999998,4.37,4.4859999999999998,4.63,4.766,4.891,5.04,5.2530000000000001,5.3810000000000002,5.4710000000000001,5.4960000000000004,5.633,5.718,5.774,5.8129999999999997,5.8440000000000003,5.8869999999999996,5.9080000000000004,5.9359999999999999,5.9809999999999999,5.9980000000000002,6.0250000000000004,5.9969999999999999,6.0519999999999996,6.032,6.0259999999999998,6.0369999999999999,6.0149999999999997,6.04,6.0519999999999996,6.0430000000000001,6.02,6.0190000000000001,6.1740000000000004,6.1669999999999998,6.0839999999999996,6.0430000000000001,6.1150000000000002
D,10,Sample X46,0.013,0.032,0.036,0.053,0.069,0.09,0.126,0.17100000000000001,0.27800000000000002,0.39100000000000001,0.59499999999999997,0.82199999999999995,1.0449999999999999,1.49,2.4049999999999998,5.0869999999999997,3.6930000000000001,3.456,3.62,3.7690000000000001,3.948,4.1239999999999997,4.2809999999999997,4.1929999999999996,4.5380000000000003,4.6710000000000003,4.7960000000000003,4.8630000000000004,5.0019999999999998,5.1070000000000002,5.2169999999999996,5.2519999999999998,5.3209999999999997,5.3650000000000002,5.4390000000000001,5.4729999999999999,5.5289999999999999,5.5750000000000002,5.6269999999999998,5.6520000000000001,5.6440000000000001,5.6520000000000001,5.7009999999999996,5.7130000000000001,5.7350000000000003,5.7389999999999999,5.7729999999999997,5.7859999999999996,5.7610000000000001,5.7770000000000001,5.7850000000000001,5.774,5.78,5.766,5.758,5.7789999999999999,5.7530000000000001,5.7629999999999999,5.7270000000000003,5.7530000000000001,5.7309999999999999,5.73,5.6840000000000002,5.6150000000000002
D,11,Sample X47,0.031,0.047,0.033,0.036,0.04,0.043,0.038,0.03,0.044,0.049,0.064,0.077,0.106,0.16600000000000001,0.248,0.35699999999999998,0.59199999999999997,0.873,1.1719999999999999,1.6839999999999999,2.246,2.754,3.0939999999999999,3.3279999999999998,3.762,3.97,4.2030000000000003,4.3129999999999997,4.5129999999999999,4.665,4.7839999999999998,4.93,5.008,5.1079999999999997,5.1950000000000003,5.2670000000000003,5.335,5.3879999999999999,5.4390000000000001,5.4669999999999996,5.5010000000000003,5.5119999999999996,5.56,5.5410000000000004,5.5590000000000002,5.5750000000000002,5.585,5.5789999999999997,5.5789999999999997,5.585,5.6040000000000001,5.5590000000000002,5.548,5.5720000000000001,5.548,5.5529999999999999,5.5259999999999998,5.5110000000000001,5.4459999999999997,5.5010000000000003,5.4669999999999996,5.4619999999999997,5.423,5.3789999999999996
D,12,Sample X48,0.038,0.036,0.016,0.027,0.02,0.026,0.025,0.021,0.027,0.032,0.041,0.051,0.074,0.111,0.155,0.24099999999999999,0.36899999999999999,0.55600000000000005,0.78400000000000003,1.141,1.5840000000000001,2.101,2.5550000000000002,2.766,3.3220000000000001,3.5920000000000001,3.7810000000000001,3.9289999999999998,4.1100000000000003,4.242,4.3819999999999997,4.4829999999999997,4.6079999999999997,4.6950000000000003,4.7880000000000003,4.8579999999999997,4.9420000000000002,4.992,5.0579999999999998,5.0919999999999996,5.1210000000000004,5.14,5.1559999999999997,5.1529999999999996,5.1689999999999996,5.17,5.1619999999999999,5.1779999999999999,5.1440000000000001,5.1189999999999998,5.1280000000000001,5.0960000000000001,5.077,5.0670000000000002,5.077,5.0380000000000003,5.024,4.9980000000000002,4.9749999999999996,4.9390000000000001,4.9260000000000002,4.9089999999999998,4.8819999999999997,4.8460000000000001
E,1,Sample X49,-0.000333,0.002,-0.004,0.002,0.005,0.012,0.013,0.024,0.029,0.046,0.085,0.13600000000000001,0.20399999999999999,0.34399999999999997,0.53700000000000003,0.80100000000000005,1.1739999999999999,1.6,2.1760000000000002,2.677,3.0550000000000002,3.504,3.6539999999999999,3.75,3.9950000000000001,4.2069999999999999,4.3049999999999997,4.4809999999999999,4.593,4.6710000000000003,4.83,4.8529999999999998,4.9740000000000002,5.0220000000000002,5.0679999999999996,5.1260000000000003,5.1989999999999998,5.2210000000000001,5.28,5.3019999999999996,5.3029999999999999,5.3470000000000004,5.3879999999999999,5.4390000000000001,5.4169999999999998,5.4809999999999999,5.5359999999999996,5.5419999999999998,5.5789999999999997,5.6230000000000002,5.649,5.6840000000000002,5.7220000000000004,5.8019999999999996,5.81,5.8120000000000003,5.859,5.8860000000000001,5.9370000000000003,5.984,5.976,6.0190000000000001,6.0510000000000002,6.0620000000000003
E,2,Sample X50,0.005,0.006,0.005,0.011,0.015,0.021,0.008,0.009,0.01,0.059,0.033,0.053,0.068,0.157,0.187,0.28100000000000003,0.46899999999999997,0.68,1.0569999999999999,1.8120000000000001,1.929,4.7300000000000004,3.0129999999999999,3.3159999999999998,3.6760000000000002,3.8730000000000002,4.0960000000000001,4.3639999999999999,4.5519999999999996,4.7060000000000004,4.8890000000000002,4.9400000000000004,5.1559999999999997,5.2469999999999999,5.3970000000000002,5.4409999999999998,5.5590000000000002,5.6029999999999998,5.7149999999999999,5.8090000000000002,5.8049999999999997,5.8730000000000002,5.99,6.0049999999999999,5.992,6.0819999999999999,6.1150000000000002,6.0730000000000004,6.0990000000000002,6.13,6.21,6.1609999999999996,6.1920000000000002,6.2489999999999997,6.2450000000000001,6.2590000000000003,6.3019999999999996,6.3650000000000002,6.3879999999999999,6.3739999999999997,6.3719999999999999,6.4189999999999996,6.444,6.4930000000000003
E,3,Sample X51,0.028,0.016,0.011,0.02,0.016,0.016,0.014,0.016,0.019,0.02,0.044,0.041,0.042,0.068,0.076,0.113,0.159,0.21199999999999999,0.313,0.42899999999999999,0.61,0.86499999999999999,1.1830000000000001,1.3919999999999999,2.0350000000000001,2.4820000000000002,2.9470000000000001,3.3380000000000001,3.8109999999999999,4.0519999999999996,4.1520000000000001,4.2910000000000004,4.4779999999999998,4.625,4.8040000000000003,4.9390000000000001,5.1210000000000004,5.2370000000000001,5.3979999999999997,5.4980000000000002,5.5949999999999998,5.7039999999999997,5.8140000000000001,5.9260000000000002,5.9889999999999999,6.0720000000000001,6.1189999999999998,6.1520000000000001,6.2119999999999997,6.266,6.2990000000000004,6.3010000000000002,6.3540000000000001,6.4020000000000001,6.431,6.4180000000000001,6.452,6.44,6.4669999999999996,6.4909999999999997,6.4569999999999999,6.4850000000000003,6.4480000000000004,6.4279999999999999
E,4,Sample X52,0.037,0.028,0.027,0.054,0.052,0.069,0.092,0.13800000000000001,0.187,0.27,0.40100000000000002,0.60099999999999998,0.81799999999999995,1.093,1.5309999999999999,1.7989999999999999,4.4180000000000001,5.0380000000000003,3.2389999999999999,3.5630000000000002,3.6869999999999998,3.8860000000000001,3.9889999999999999,4.0209999999999999,4.3019999999999996,4.4009999999999998,4.5209999999999999,4.641,4.7720000000000002,4.875,4.9870000000000001,4.9950000000000001,5.141,5.1989999999999998,5.2450000000000001,5.3129999999999997,5.38,5.4169999999999998,5.4829999999999997,5.4880000000000004,5.5359999999999996,5.5430000000000001,5.585,5.6260000000000003,5.633,5.6710000000000003,5.6840000000000002,5.7089999999999996,5.69,5.7329999999999997,5.7279999999999998,5.7359999999999998,5.73,5.7370000000000001,5.7389999999999999,5.7229999999999999,5.7320000000000002,5.7270000000000003,5.7030000000000003,5.734,5.6870000000000003,5.7009999999999996,5.6749999999999998,5.6630000000000003
E,5,Sample X53,0.021,0.014,0.01,0.013,0.016,0.015,0.01,0.013,0.014,0.016,0.02,0.023,0.024,0.036,0.046,0.057,0.087,0.124,0.17100000000000001,0.23599999999999999,0.32100000000000001,0.45300000000000001,0.64200000000000002,0.95,1.204,1.6060000000000001,2.0419999999999998,2.617,2.9279999999999999,3.2029999999999998,3.391,3.5750000000000002,3.859,4.0880000000000001,4.2519999999999998,4.3819999999999997,4.5369999999999999,4.6520000000000001,4.782,4.9269999999999996,5.0549999999999997,5.1829999999999998,5.28,5.3879999999999999,5.4470000000000001,5.5529999999999999,5.6219999999999999,5.6379999999999999,5.67,5.718,5.7350000000000003,5.7759999999999998,5.7919999999999998,5.7990000000000004,5.798,5.8259999999999996,5.8319999999999999,5.8170000000000002,5.8410000000000002,5.8209999999999997,5.8079999999999998,5.7430000000000003,5.7220000000000004,5.6970000000000001
E,6,Sample X54,0.017,0.015,0.008,0.015,0.017,0.024,0.027,0.037,0.048,0.072,0.107,0.155,0.23200000000000001,0.36599999999999999,0.56699999999999995,0.82599999999999996,1.105,1.496,2.19,3.948,3.0270000000000001,3.452,3.6909999999999998,3.8159999999999998,4.1379999999999999,4.3719999999999999,4.5510000000000002,4.7300000000000004,4.8869999999999996,4.9980000000000002,5.1459999999999999,5.2140000000000004,5.3559999999999999,5.4560000000000004,5.5380000000000003,5.6070000000000002,5.7,5.7320000000000002,5.7990000000000004,5.8579999999999997,5.8979999999999997,5.931,5.976,6.0209999999999999,6.0410000000000004,6.09,6.1020000000000003,6.0970000000000004,6.0970000000000004,6.1239999999999997,6.1120000000000001,6.1470000000000002,6.1280000000000001,6.1639999999999997,6.1760000000000002,6.1319999999999997,6.141,6.1840000000000002,6.1820000000000004,6.1459999999999999,6.1550000000000002,6.14,6.2130000000000001,6.0839999999999996
E,7,Sample X55,0.015,0.014,0.011,0.014,0.012,0.012,0.001,-0.003,-0.002,-0.004,0.000833,-0.003,-0.003,0.0001,-0.003,0.000033,-0.000333,-0.000667,0.000333,-0.0006,-0.003,0.002,-0.005,-0.008,-0.002,-0.000367,-0.003,-0.009,-0.005,-0.002,0.003,0.004,-0.006,-0.002,-0.000733,-0.003,0.002,0.000167,0.001,0.000967,-0.004,0.002,0.001,-0.003,-0.003,-0.002,-0.003,-0.002,-0.003,0.003,0.002,0.0004,-0.003,0.000767,0.002,-0.005,-0.000167,-0.004,-0.006,0.000267,0.002,-0.002,-0.000033,-0.009
E,8,Sample X56,0.014,0.017,0.012,0.017,0.023,0.024,0.028,0.036,0.055,0.078,0.11600000000000001,0.17199999999999999,0.27700000000000002,0.41799999999999998,0.64,0.93500000000000005,1.3340000000000001,1.7869999999999999,2.3210000000000002,2.843,3.2919999999999998,3.6339999999999999,3.81,3.782,4.226,4.4290000000000003,4.6260000000000003,4.718,4.91,5.0359999999999996,5.14,5.2480000000000002,5.3520000000000003,5.4109999999999996,5.4770000000000003,5.5460000000000003,5.6109999999999998,5.6459999999999999,5.7149999999999999,5.7519999999999998,5.7949999999999999,5.806,5.8470000000000004,5.9,5.9119999999999999,5.923,5.9379999999999997,5.9550000000000001,5.9690000000000003,5.99,5.9779999999999998,6.0019999999999998,6.0060000000000002,5.99,6.0229999999999997,6.0279999999999996,6.024,5.9829999999999997,5.984,6.0140000000000002,6.0010000000000003,6.0110000000000001,5.992,5.96
E,9,Sample X57,0.028,0.024,0.012,0.018,0.02,0.023,0.024,0.021,0.031,0.044,0.057,0.075,0.112,0.17299999999999999,0.27700000000000002,0.41699999999999998,0.63100000000000001,0.90600000000000003,1.331,1.8680000000000001,2.4380000000000002,2.988,3.3780000000000001,3.48,4.016,4.2119999999999997,4.423,4.4939999999999998,4.6980000000000004,4.8540000000000001,4.976,5.1539999999999999,5.266,5.3840000000000003,5.4950000000000001,5.5789999999999997,5.6470000000000002,5.71,5.7850000000000001,5.8330000000000002,5.883,5.8929999999999998,5.952,5.992,6.0090000000000003,6.0259999999999998,6.06,6.04,6.0389999999999997,6.0789999999999997,6.0640000000000001,6.0640000000000001,6.0640000000000001,6.06,6.08,6.0780000000000003,6.0629999999999997,6.048,6.0289999999999999,6.1749999999999998,6.0810000000000004,6.1360000000000001,6.1589999999999998,6.1349999999999998
E,10,Sample X58,0.015,0.006,-0.000633,0.006,0.006,0.008,0.008,0.011,0.014,0.02,0.03,0.045,0.059,0.086,0.13600000000000001,0.192,0.28899999999999998,0.437,0.628,0.90200000000000002,1.2829999999999999,1.73,2.2959999999999998,2.9420000000000002,3.2879999999999998,3.6389999999999998,3.93,4.1829999999999998,4.4260000000000002,4.5839999999999996,4.7510000000000003,4.9039999999999999,5.1040000000000001,5.266,5.423,5.5519999999999996,5.7140000000000004,5.7990000000000004,5.9059999999999997,6.0039999999999996,6.0570000000000004,6.1130000000000004,6.2,6.2380000000000004,6.2640000000000002,6.3730000000000002,6.3949999999999996,6.46,6.4880000000000004,6.5540000000000003,6.5890000000000004,6.6790000000000003,6.7309999999999999,6.7859999999999996,6.8470000000000004,6.8890000000000002,6.9279999999999999,7.0090000000000003,7.0359999999999996,7.1390000000000002,7.0659999999999998,7.1859999999999999,7.2140000000000004,7.258
E,11,Sample X59,0.019,0.014,0.005,0.012,0.02,0.027,0.044,0.061,0.10100000000000001,0.14799999999999999,0.22900000000000001,0.36499999999999999,0.56699999999999995,0.82,1.1930000000000001,1.7110000000000001,2.335,2.92,3.3290000000000002,3.76,4.0529999999999999,4.2709999999999999,4.492,4.4710000000000001,4.782,4.9420000000000002,5.0869999999999997,5.2119999999999997,5.375,5.4509999999999996,5.5549999999999997,5.6369999999999996,5.718,5.7649999999999997,5.82,5.87,5.9210000000000003,5.9379999999999997,5.9880000000000004,6.032,6.0069999999999997,6.0220000000000002,6.0510000000000002,6.1079999999999997,6.1059999999999999,6.1340000000000003,6.1429999999999998,6.1230000000000002,6.1289999999999996,6.1539999999999999,6.1289999999999996,6.1559999999999997,6.2009999999999996,6.1970000000000001,6.19,6.27,6.2549999999999999,6.3239999999999998,6.282,6.4260000000000002,6.2930000000000001,6.4180000000000001,6.4029999999999996,6.444
E,12,Sample X60,0.024,0.02,0.016,0.019,0.023,0.023,0.026,0.032,0.04,0.051,0.063,0.072,0.092,0.129,0.17199999999999999,0.33200000000000002,0.36699999999999999,0.52400000000000002,0.73699999999999999,1.0169999999999999,1.375,1.8009999999999999,2.2669999999999999,2.7170000000000001,3.1339999999999999,3.573,3.8490000000000002,3.9830000000000001,4.1849999999999996,4.3239999999999998,4.4710000000000001,4.5910000000000002,4.7729999999999997,4.915,5.0410000000000004,5.1559999999999997,5.2519999999999998,5.3639999999999999,5.4450000000000003,5.5609999999999999,5.6239999999999997,5.6929999999999996,5.7249999999999996,5.84,5.8769999999999998,5.93,5.9619999999999997,5.9720000000000004,5.9809999999999999,6.0229999999999997,5.9870000000000001,6.02,6.0490000000000004,6.0519999999999996,6.0380000000000003,6.0519999999999996,6.056,6.0510000000000002,6.0430000000000001,6.0519999999999996,5.9820000000000002,5.992,5.9640000000000004,5.9429999999999996
F,1,Sample X61,0.006,0.002,-0.002,0.002,0.006,0.021,-0.001,-0.0003,0.002,0.01,0.012,0.017,0.027,0.043,0.067,0.10299999999999999,0.16600000000000001,0.25600000000000001,0.40600000000000003,0.56599999999999995,0.77400000000000002,1.0980000000000001,1.427,1.8049999999999999,2.254,2.6309999999999998,3.0609999999999999,3.3610000000000002,3.528,3.798,3.9889999999999999,4.1130000000000004,4.2919999999999998,4.4489999999999998,4.5960000000000001,4.6900000000000004,4.7830000000000004,4.867,4.9210000000000003,5.0140000000000002,5.0659999999999998,5.1369999999999996,5.1660000000000004,5.2130000000000001,5.2610000000000001,5.3090000000000002,5.3559999999999999,5.3810000000000002,5.4180000000000001,5.5010000000000003,5.532,5.5869999999999997,5.6180000000000003,5.6630000000000003,5.6849999999999996,5.7240000000000002,5.7489999999999997,5.7560000000000002,5.84,5.8319999999999999,5.8390000000000004,5.89,5.9219999999999997,5.97
F,2,Sample X62,0.005,0.004,-0.005,0.001,0.000467,0.004,0.002,0.003,0.008,0.012,0.018,0.02,0.022,0.037,0.048,0.073,0.115,0.161,0.23899999999999999,0.34599999999999997,0.48099999999999998,0.68700000000000006,0.98299999999999998,1.383,1.7470000000000001,2.23,2.6859999999999999,3.2160000000000002,3.5550000000000002,3.8980000000000001,3.9830000000000001,4.141,4.3659999999999997,4.5179999999999998,4.7030000000000003,4.8360000000000003,5.0259999999999998,5.1529999999999996,5.2930000000000001,5.4329999999999998,5.5609999999999999,5.649,5.7649999999999997,5.859,5.9429999999999996,6.0430000000000001,6.0629999999999997,6.093,6.1130000000000004,6.1520000000000001,6.157,6.1929999999999996,6.2119999999999997,6.2359999999999998,6.2320000000000002,6.2249999999999996,6.2359999999999998,6.25,6.3029999999999999,6.28,6.2619999999999996,6.32,6.31,6.3419999999999996
F,3,Sample X63,0.037,0.027,0.023,0.032,0.039,0.046,0.064,0.088,0.12,0.16400000000000001,0.23499999999999999,0.33500000000000002,0.51100000000000001,0.80600000000000005,1.165,1.571,2.0350000000000001,2.5659999999999998,2.9630000000000001,3.343,3.7280000000000002,3.9710000000000001,4.2050000000000001,4.3330000000000002,4.5999999999999996,4.7460000000000004,4.8730000000000002,4.9889999999999999,5.0590000000000002,5.14,5.2320000000000002,5.2539999999999996,5.3490000000000002,5.3920000000000003,5.46,5.48,5.5469999999999997,5.5439999999999996,5.5620000000000003,5.6029999999999998,5.62,5.63,5.6360000000000001,5.6559999999999997,5.6550000000000002,5.68,5.673,5.6529999999999996,5.6829999999999998,5.6749999999999998,5.6440000000000001,5.6580000000000004,5.6669999999999998,5.6989999999999998,5.6379999999999999,5.6,5.6429999999999998,5.633,5.718,5.6429999999999998,5.6020000000000003,5.7590000000000003,5.6890000000000001,5.6059999999999999
F,4,Sample X64,0.014,0.007,0.004,0.009,0.01,0.005,0.008,0.005,0.014,0.013,0.016,0.022,0.033,0.058,0.092,0.13800000000000001,0.21299999999999999,0.33700000000000002,0.51600000000000001,0.78100000000000003,1.1180000000000001,1.571,2.0720000000000001,2.5350000000000001,2.9380000000000002,3.2530000000000001,3.544,3.762,3.8969999999999998,4.0490000000000004,4.1779999999999999,4.266,4.4640000000000004,4.5720000000000001,4.6950000000000003,4.7709999999999999,4.8789999999999996,4.9539999999999997,5.0039999999999996,5.0910000000000002,5.141,5.19,5.24,5.2839999999999998,5.3109999999999999,5.3250000000000002,5.3380000000000001,5.3570000000000002,5.3780000000000001,5.39,5.3780000000000001,5.3920000000000003,5.3929999999999998,5.367,5.3540000000000001,5.6029999999999998,5.5529999999999999,5.51,5.4619999999999997,5.5060000000000002,5.4290000000000003,5.5250000000000004,5.5179999999999998,5.5880000000000001
F,5,Sample X65,0.017,0.014,0.011,0.011,0.013,0.014,0.016,0.023,0.024,0.033,0.053,0.078,0.126,0.20300000000000001,0.30299999999999999,0.47099999999999997,0.72899999999999998,1.099,1.579,2.08,2.5470000000000002,2.9020000000000001,3.3279999999999998,3.6040000000000001,3.76,3.9670000000000001,4.1369999999999996,4.3550000000000004,4.4829999999999997,4.6340000000000003,4.7359999999999998,4.7919999999999998,4.9020000000000001,4.9829999999999997,5.0430000000000001,5.0640000000000001,5.1100000000000003,5.1239999999999997,5.1459999999999999,5.1840000000000002,5.1920000000000002,5.1890000000000001,5.4029999999999996,5.2039999999999997,5.2080000000000002,5.3869999999999996,5.4569999999999999,5.35,5.4169999999999998,5.4930000000000003,5.4420000000000002,5.4020000000000001,5.375,5.6230000000000002,5.54,5.3410000000000002,5.52,5.6440000000000001,5.6289999999999996,5.665,5.5359999999999996,5.585,5.1989999999999998,5.4989999999999997
F,6,Sample X66,0.023,0.019,0.023,0.024,0.014,0.012,0.02,0.021,0.037,0.032,0.053,0.084,0.128,0.20200000000000001,0.30499999999999999,0.47199999999999998,0.72199999999999998,1.1160000000000001,1.577,2.085,2.5630000000000002,2.9670000000000001,3.371,3.62,3.819,4.0369999999999999,4.22,4.4169999999999998,4.5590000000000002,4.6920000000000002,4.8090000000000002,4.8710000000000004,4.9980000000000002,5.0540000000000003,5.1159999999999997,5.1550000000000002,5.1840000000000002,5.22,5.2359999999999998,5.28,5.2720000000000002,5.2679999999999998,5.3739999999999997,5.452,5.3129999999999997,5.4279999999999999,5.4020000000000001,5.2249999999999996,5.5110000000000001,5.5149999999999997,5.5119999999999996,5.2629999999999999,5.49,5.56,5.4989999999999997,5.5830000000000002,5.5179999999999998,5.63,5.1760000000000002,5.0670000000000002,5.2370000000000001,5.1529999999999996,5.64,5.7560000000000002
F,7,Sample X67,0.018,0.018,0.012,0.021,0.022,0.031,0.036,0.056,0.083,0.11,0.159,0.24099999999999999,0.375,0.59699999999999998,0.92,1.284,1.706,2.2080000000000002,2.7229999999999999,3.052,3.49,3.78,4.048,4.2160000000000002,4.49,4.6660000000000004,4.7930000000000001,4.899,5.0010000000000003,5.0830000000000002,5.1639999999999997,5.1980000000000004,5.2889999999999997,5.351,5.4029999999999996,5.4180000000000001,5.468,5.4770000000000003,5.4969999999999999,5.5410000000000004,5.5220000000000002,5.5709999999999997,5.577,5.5839999999999996,5.58,5.5709999999999997,5.5789999999999997,5.6210000000000004,5.5869999999999997,5.6429999999999998,5.5380000000000003,5.6260000000000003,5.569,5.6619999999999999,5.532,5.6269999999999998,5.6660000000000004,5.7060000000000004,5.726,5.7270000000000003,5.6120000000000001,5.6989999999999998,5.7949999999999999,5.6130000000000004
F,8,Sample X68,0.014,0.013,0.008,0.016,0.02,0.022,0.026,0.035,0.049,0.082,0.112,0.17499999999999999,0.26100000000000001,0.40699999999999997,0.61099999999999999,0.92200000000000004,1.321,1.821,2.3420000000000001,2.8610000000000002,3.2839999999999998,3.6659999999999999,3.8439999999999999,3.879,4.2699999999999996,4.4859999999999998,4.6550000000000002,4.7779999999999996,4.9390000000000001,5.0519999999999996,5.16,5.2590000000000003,5.3570000000000002,5.4459999999999997,5.5339999999999998,5.5970000000000004,5.6580000000000004,5.69,5.7519999999999998,5.7809999999999997,5.8150000000000004,5.8520000000000003,5.8689999999999998,5.9210000000000003,5.9269999999999996,5.976,5.9640000000000004,5.9939999999999998,5.9930000000000003,6.0090000000000003,6.0049999999999999,6.032,6.0129999999999999,5.992,6.0069999999999997,6.0190000000000001,6.0659999999999998,6.0119999999999996,6.0519999999999996,6.05,6.01,6.0540000000000003,6.0449999999999999,6.0170000000000003
F,9,Sample X69,0.027,0.02,0.014,0.02,0.022,0.024,0.024,0.025,0.038,0.043,0.059,0.085,0.111,0.16900000000000001,0.25800000000000001,0.39500000000000002,0.59499999999999997,0.85099999999999998,1.226,1.7330000000000001,2.3149999999999999,2.9209999999999998,3.2989999999999999,3.4780000000000002,3.9409999999999998,4.1879999999999997,4.3810000000000002,4.4960000000000004,4.6589999999999998,4.8049999999999997,4.9509999999999996,5.0510000000000002,5.2060000000000004,5.3170000000000002,5.4359999999999999,5.5129999999999999,5.6139999999999999,5.6769999999999996,5.7370000000000001,5.7919999999999998,5.8319999999999999,5.8680000000000003,5.9160000000000004,5.9450000000000003,5.9720000000000004,5.9950000000000001,6.0149999999999997,6.02,6.0270000000000001,6.0350000000000001,6.0419999999999998,6.0469999999999997,6.0549999999999997,6.0679999999999996,6.0670000000000002,6.0419999999999998,6.0460000000000003,6.0430000000000001,6.0839999999999996,6.0869999999999997,6.024,6.1630000000000003,6.0780000000000003,6.1470000000000002
F,10,Sample X70,0.007,0.004,0.008,0.008,0.008,0.01,0.01,0.012,0.022,0.031,0.055,0.083,0.126,0.20899999999999999,0.317,0.47099999999999997,0.67100000000000004,0.92800000000000005,1.2709999999999999,1.6679999999999999,2.1709999999999998,2.6960000000000002,3.1720000000000002,3.323,3.7229999999999999,3.976,4.194,4.3499999999999996,4.5220000000000002,4.6399999999999997,4.78,4.8959999999999999,5.0330000000000004,5.1379999999999999,5.2190000000000003,5.306,5.3739999999999997,5.4180000000000001,5.5309999999999997,5.5739999999999998,5.6079999999999997,5.6390000000000002,5.69,5.7469999999999999,5.7889999999999997,5.8170000000000002,5.8739999999999997,5.899,5.9210000000000003,5.9710000000000001,6,6.0410000000000004,6.0890000000000004,6.1440000000000001,6.1609999999999996,6.1870000000000003,6.2279999999999998,6.2210000000000001,6.2939999999999996,6.3140000000000001,6.306,6.3890000000000002,6.3760000000000003,6.39
F,11,Sample X71,0.000467,0.004,0.000567,0.007,0.014,0.017,0.021,0.03,0.043,0.065,0.107,0.16900000000000001,0.26200000000000001,0.41899999999999998,0.65,0.97799999999999998,1.4139999999999999,1.9350000000000001,2.516,3.0259999999999998,3.47,3.722,4,4.0640000000000001,4.3760000000000003,4.5339999999999998,4.68,4.8049999999999997,4.9580000000000002,5.0570000000000004,5.1509999999999998,5.2249999999999996,5.2969999999999997,5.343,5.399,5.4370000000000003,5.4779999999999998,5.5039999999999996,5.5659999999999998,5.62,5.62,5.6109999999999998,5.6479999999999997,5.6749999999999998,5.6920000000000002,5.6950000000000003,5.7539999999999996,5.7629999999999999,5.8040000000000003,5.8289999999999997,5.8490000000000002,5.8710000000000004,5.9290000000000003,5.9790000000000001,6.0010000000000003,6.04,6.1020000000000003,6.13,6.194,6.2610000000000001,6.2249999999999996,6.3019999999999996,6.3079999999999998,6.37
F,12,Sample X72,0.024,0.024,0.019,0.028,0.032,0.04,0.05,0.064,0.075,0.115,0.186,0.28100000000000003,0.42099999999999999,0.64,0.96499999999999997,1.405,1.913,2.4340000000000002,2.887,3.2549999999999999,3.58,3.8220000000000001,4.0469999999999997,4.2210000000000001,4.4119999999999999,4.5810000000000004,4.7119999999999997,4.8540000000000001,4.9429999999999996,4.9960000000000004,5.0389999999999997,5.0670000000000002,5.1280000000000001,5.133,5.1289999999999996,5.1539999999999999,5.1390000000000002,5.1440000000000001,5.1429999999999998,5.17,5.1429999999999998,5.1440000000000001,5.12,5.3680000000000003,5.3079999999999998,5.359,5.0540000000000003,5.2569999999999997,5.2110000000000003,5.2130000000000001,5.0270000000000001,5.4340000000000002,5.3540000000000001,5.1829999999999998,5.4420000000000002,5.1180000000000003,5.0469999999999997,5.3470000000000004,4.9690000000000003,5.2220000000000004,4.84,4.9429999999999996,5.3,5.032
G,1,Sample X73,0.045,0.006,0.032,0.041,0.042,0.041,0.036,0.039,0.035,0.037,0.038,0.045,0.049,0.056,0.074,0.096,0.13700000000000001,0.18,0.26200000000000001,0.374,0.53300000000000003,0.749,1.0720000000000001,1.5,1.9370000000000001,2.411,2.8330000000000002,3.2160000000000002,3.4620000000000002,3.6560000000000001,3.839,4.0060000000000002,4.2359999999999998,4.3419999999999996,4.3719999999999999,4.4530000000000003,4.5739999999999998,4.6849999999999996,4.7990000000000004,4.9130000000000003,4.9710000000000001,5.0529999999999999,5.109,5.1669999999999998,5.2089999999999996,5.2990000000000004,5.3410000000000002,5.3620000000000001,5.3920000000000003,5.4160000000000004,5.4370000000000003,5.5330000000000004,5.54,5.577,5.6180000000000003,5.6260000000000003,5.6520000000000001,5.6749999999999998,5.7359999999999998,5.7279999999999998,5.7320000000000002,5.7610000000000001,5.7489999999999997,5.7779999999999996
G,2,Sample X74,0.025,0.014,0.017,0.021,0.022,0.023,0.024,0.026,0.034,0.037,0.051,0.052,0.067,0.10100000000000001,0.14399999999999999,0.20300000000000001,0.312,0.44400000000000001,0.64100000000000001,0.81499999999999995,1.07,1.4259999999999999,1.823,2.1920000000000002,2.6190000000000002,3.101,3.42,3.7160000000000002,3.9430000000000001,4.1109999999999998,4.3109999999999999,4.4020000000000001,4.6100000000000003,4.7480000000000002,4.8879999999999999,4.9720000000000004,5.0869999999999997,5.1580000000000004,5.2359999999999998,5.335,5.3620000000000001,5.4240000000000004,5.4829999999999997,5.5369999999999999,5.5570000000000004,5.6139999999999999,5.6429999999999998,5.6529999999999996,5.6689999999999996,5.73,5.72,5.7770000000000001,5.8310000000000004,5.8860000000000001,5.9109999999999996,5.9340000000000002,5.9720000000000004,5.9610000000000003,6.0330000000000004,6.0010000000000003,6.0919999999999996,6.2389999999999999,6.1260000000000003,6.2640000000000002
G,3,Sample X75,0.031,0.03,0.018,0.019,0.025,0.024,0.023,0.019,0.021,0.023,0.028,0.027,0.036,0.039,0.065,0.074,0.1,0.121,0.18099999999999999,0.27200000000000002,0.42699999999999999,0.61899999999999999,0.93500000000000005,1.36,1.845,2.3959999999999999,2.8420000000000001,3.1970000000000001,3.46,3.714,3.9460000000000002,4.0659999999999998,4.3079999999999998,4.46,4.6349999999999998,4.7969999999999997,4.9619999999999997,5.1239999999999997,5.25,5.3639999999999999,5.4509999999999996,5.5430000000000001,5.6459999999999999,5.7469999999999999,5.7750000000000004,5.8609999999999998,5.9130000000000003,5.9649999999999999,6.0359999999999996,6.0810000000000004,6.109,6.1509999999999998,6.1820000000000004,6.2190000000000003,6.2530000000000001,6.2629999999999999,6.2690000000000001,6.2850000000000001,6.3659999999999997,6.367,6.3330000000000002,6.3929999999999998,6.3570000000000002,6.3970000000000002
G,4,Sample X76,0.028,0.017,0.011,0.018,0.019,0.022,0.023,0.025,0.029,0.032,0.043,0.048,0.064,0.093,0.13400000000000001,0.19800000000000001,0.30399999999999999,0.42199999999999999,0.64100000000000001,0.98699999999999999,1.4670000000000001,1.9359999999999999,2.4849999999999999,3.0219999999999998,3.4409999999999998,3.8239999999999998,4.1020000000000003,4.3159999999999998,4.5279999999999996,4.6840000000000002,4.8540000000000001,4.9370000000000003,5.1459999999999999,5.27,5.4050000000000002,5.492,5.6159999999999997,5.681,5.7530000000000001,5.8339999999999996,5.88,5.93,5.9809999999999999,6.0149999999999997,6.0519999999999996,6.0739999999999998,6.14,6.1260000000000003,6.1369999999999996,6.1680000000000001,6.1989999999999998,6.2309999999999999,6.258,6.2859999999999996,6.2969999999999997,6.3079999999999998,6.32,6.3289999999999997,6.3890000000000002,6.39,6.3789999999999996,6.4109999999999996,6.4329999999999998,6.42
G,5,Sample X77,0.035,0.023,0.014,0.019,0.022,0.025,0.028,0.033,0.041,0.056,0.081,0.124,0.17799999999999999,0.28799999999999998,0.44800000000000001,0.66400000000000003,0.997,1.43,1.9319999999999999,2.431,2.8109999999999999,3.2149999999999999,3.5019999999999998,3.681,3.9119999999999999,4.1050000000000004,4.2830000000000004,4.4729999999999999,4.6210000000000004,4.7240000000000002,4.8520000000000003,4.8719999999999999,5.0060000000000002,5.1829999999999998,5.2510000000000003,5.25,5.2889999999999997,5.3220000000000001,5.391,5.3760000000000003,5.3639999999999999,5.4160000000000004,5.4610000000000003,5.3650000000000002,5.42,5.6859999999999999,5.3650000000000002,5.5190000000000001,5.383,5.4080000000000004,5.4870000000000001,5.4269999999999996,5.4950000000000001,5.3339999999999996,5.4729999999999999,5.5359999999999996,5.5419999999999998,5.4640000000000004,5.53,5.4619999999999997,5.4809999999999999,5.4749999999999996,5.63,5.641
G,6,Sample X78,0.034,0.025,0.028,0.034,0.039,0.043,0.049,0.07,0.082,0.106,0.14599999999999999,0.20699999999999999,0.29599999999999999,0.45800000000000002,0.68700000000000006,1.0189999999999999,1.4,1.8240000000000001,2.3330000000000002,2.8050000000000002,3.133,3.5819999999999999,3.835,4.0650000000000004,4.2990000000000004,4.5140000000000002,4.6479999999999997,4.7869999999999999,4.92,4.9989999999999997,5.1180000000000003,5.1449999999999996,5.2469999999999999,5.3109999999999999,5.3529999999999998,5.4009999999999998,5.444,5.4740000000000002,5.4939999999999998,5.5449999999999999,5.5469999999999997,5.5730000000000004,5.585,5.6,5.5590000000000002,5.641,5.6180000000000003,5.5890000000000004,5.5789999999999997,5.6360000000000001,5.59,5.6479999999999997,5.5860000000000003,5.8559999999999999,5.7480000000000002,5.6509999999999998,5.5940000000000003,5.7130000000000001,5.5490000000000004,5.673,5.7220000000000004,5.6219999999999999,5.65,5.5880000000000001
G,7,Sample X79,0.036,0.025,0.017,0.023,0.024,0.027,0.025,0.024,0.027,0.029,0.034,0.036,0.035,0.037,0.04,0.046,0.055,0.062,0.078,0.091,0.127,0.154,0.192,0.224,0.318,0.42099999999999999,0.53800000000000003,0.69899999999999995,0.91,1.155,1.488,1.8720000000000001,2.3679999999999999,2.819,3.258,3.6850000000000001,3.988,4.2789999999999999,4.4210000000000003,4.625,4.7770000000000001,4.9260000000000002,5.077,5.1970000000000001,5.2779999999999996,5.3710000000000004,5.4560000000000004,5.516,5.5609999999999999,5.6239999999999997,5.6349999999999998,5.6970000000000001,5.7279999999999998,5.7709999999999999,5.798,5.7939999999999996,5.8369999999999997,5.851,5.875,5.8769999999999998,5.8490000000000002,5.867,5.8680000000000003,5.8529999999999998
G,8,Sample X80,0.047,0.042,0.043,0.054,0.064,0.075,0.09,0.113,0.158,0.218,0.311,0.45100000000000001,0.66400000000000003,0.96499999999999997,1.365,1.8129999999999999,2.3290000000000002,2.8090000000000002,3.234,3.5529999999999999,3.7290000000000001,3.9329999999999998,4.2210000000000001,4.226,4.5720000000000001,4.6820000000000004,4.7880000000000003,4.8680000000000003,5.0190000000000001,5.08,5.2009999999999996,5.2590000000000003,5.3579999999999997,5.4210000000000003,5.5030000000000001,5.556,5.6120000000000001,5.649,5.6790000000000003,5.7380000000000004,5.7560000000000002,5.7720000000000002,5.8120000000000003,5.8319999999999999,5.8520000000000003,5.875,5.8949999999999996,5.8760000000000003,5.891,5.92,5.9359999999999999,5.9379999999999997,5.9269999999999996,6.0880000000000001,5.984,5.9039999999999999,6.01,6.0449999999999999,5.9349999999999996,6.0640000000000001,6.0490000000000004,6.1020000000000003,6.1340000000000003,6.1020000000000003
G,9,Sample X81,0.04,0.031,0.029,0.035,0.045,0.055,0.066,0.079,0.112,0.14899999999999999,0.22800000000000001,0.34699999999999998,0.50600000000000001,0.71799999999999997,0.96199999999999997,1.2909999999999999,1.712,2.161,2.6920000000000002,3.1219999999999999,3.4420000000000002,3.6629999999999998,3.9289999999999998,3.9329999999999998,4.2939999999999996,4.4450000000000003,4.5679999999999996,4.6769999999999996,4.8550000000000004,4.9580000000000002,5.08,5.1479999999999997,5.2729999999999997,5.3330000000000002,5.4210000000000003,5.46,5.4880000000000004,5.52,5.5750000000000002,5.617,5.6260000000000003,5.6379999999999999,5.6680000000000001,5.6520000000000001,5.681,5.6379999999999999,5.6669999999999998,5.8040000000000003,5.6539999999999999,5.8179999999999996,5.77,5.7030000000000003,5.6779999999999999,5.8129999999999997,5.7960000000000003,5.7329999999999997,5.68,5.7229999999999999,5.8460000000000001,5.9630000000000001,5.74,5.71,5.5679999999999996,5.9509999999999996
G,10,Sample X82,0.033,0.025,0.022,0.029,0.031,0.034,0.036,0.041,0.055,0.066,0.095,0.121,0.17,0.25,0.372,0.54700000000000004,0.78800000000000003,1.0900000000000001,1.52,1.994,2.516,3.0990000000000002,3.4449999999999998,3.6850000000000001,4.1520000000000001,4.4180000000000001,4.633,4.7770000000000001,4.9550000000000001,5.0830000000000002,5.23,5.3129999999999997,5.4509999999999996,5.5359999999999996,5.6440000000000001,5.7329999999999997,5.8179999999999996,5.8780000000000001,5.9420000000000002,5.9779999999999998,6.0410000000000004,6.0679999999999996,6.12,6.1740000000000004,6.1859999999999999,6.2430000000000003,6.2670000000000003,6.2690000000000001,6.2759999999999998,6.3090000000000002,6.2969999999999997,6.3,6.4029999999999996,6.3680000000000003,6.4429999999999996,6.2869999999999999,6.3070000000000004,6.359,6.4459999999999997,6.3979999999999997,6.3860000000000001,6.5069999999999997,6.58,6.4660000000000002
G,11,Sample X83,0.057,0.044,0.038,0.047,0.048,0.053,0.059,0.075,0.092,0.12,0.156,0.216,0.31,0.441,0.65700000000000003,0.93500000000000005,1.377,1.879,2.3959999999999999,2.8969999999999998,3.2010000000000001,3.5329999999999999,3.7730000000000001,3.859,4.1260000000000003,4.3170000000000002,4.524,4.6920000000000002,4.88,5.01,5.1619999999999999,5.2530000000000001,5.375,5.4740000000000002,5.5839999999999996,5.6680000000000001,5.7469999999999999,5.8419999999999996,5.9059999999999997,5.96,6.0129999999999999,6.0570000000000004,6.1360000000000001,6.1710000000000003,6.1779999999999999,6.2359999999999998,6.2549999999999999,6.2830000000000004,6.2910000000000004,6.3360000000000003,6.3319999999999999,6.3659999999999997,6.3730000000000002,6.3869999999999996,6.3620000000000001,6.3609999999999998,6.39,6.3970000000000002,6.4249999999999998,6.423,6.4139999999999997,6.4329999999999998,6.43,6.407
G,12,Sample X84,0.01,0.01,0.008,0.016,0.021,0.03,0.039,0.052,0.076,0.10100000000000001,0.13900000000000001,0.19800000000000001,0.30199999999999999,0.46,0.69799999999999995,1.0129999999999999,1.419,1.913,2.484,3.0009999999999999,3.355,3.6160000000000001,3.8610000000000002,4.0380000000000003,4.2930000000000001,4.4930000000000003,4.6429999999999998,4.8129999999999997,4.9429999999999996,5.0289999999999999,5.1769999999999996,5.2309999999999999,5.3559999999999999,5.4359999999999999,5.5060000000000002,5.55,5.6130000000000004,5.6360000000000001,5.6950000000000003,5.7539999999999996,5.7679999999999998,5.7809999999999997,5.8150000000000004,5.8129999999999997,5.7889999999999997,5.827,5.8150000000000004,5.8540000000000001,5.86,5.907,5.9139999999999997,5.9269999999999996,5.9189999999999996,5.8970000000000002,5.9420000000000002,5.9459999999999997,5.9450000000000003,5.9329999999999998,5.9340000000000002,5.9779999999999998,5.96,6.008,6.0220000000000002,6.0110000000000001
H,1,Sample X85,0.003,-0.001,-0.004,-0.003,-0.004,-0.001,-0.006,-0.002,-0.005,-0.004,-0.005,-0.008,-0.008,-0.004,-0.004,-0.009,-0.002,-0.008,-0.011,-0.007,-0.008,-0.009,-0.009,-0.005,-0.011,-0.01,-0.012,-0.012,-0.009,-0.008,0.000233,-0.005,-0.009,-0.011,-0.01,-0.01,-0.01,-0.011,-0.011,-0.009,-0.013,-0.012,-0.009,-0.011,-0.012,-0.01,-0.014,-0.008,-0.012,-0.01,-0.013,-0.011,-0.015,-0.012,-0.012,-0.019,-0.013,-0.016,-0.02,-0.014,-0.015,-0.017,-0.014,-0.023
H,2,Sample X86,0.012,0.016,0.008,0.013,0.015,0.013,0.012,0.012,0.019,0.017,0.021,0.021,0.026,0.051,0.068,0.1,0.154,0.219,0.33700000000000002,0.50900000000000001,0.73499999999999999,1.097,1.601,2.1520000000000001,2.5830000000000002,3.0750000000000002,3.6520000000000001,3.9529999999999998,4.1840000000000002,4.359,4.5170000000000003,4.6379999999999999,4.8490000000000002,4.9610000000000003,5.1120000000000001,5.2149999999999999,5.3369999999999997,5.4349999999999996,5.5339999999999998,5.6059999999999999,5.6769999999999996,5.7380000000000004,5.798,5.8330000000000002,5.8659999999999997,5.8959999999999999,5.9329999999999998,5.9589999999999996,5.95,5.9669999999999996,5.9770000000000003,5.9740000000000002,5.976,6.0039999999999996,6.016,6.0039999999999996,6.0119999999999996,6.02,6.05,6.04,6.0119999999999996,6.0469999999999997,6.03,6.0469999999999997
H,3,Sample X87,0.016,0.009,0.003,0.008,0.009,0.009,0.005,0.006,0.007,0.006,0.011,0.007,0.009,0.017,0.024,0.035,0.058,0.077,0.123,0.17899999999999999,0.28399999999999997,0.43,0.65700000000000003,0.98299999999999998,1.399,1.9139999999999999,2.3969999999999998,2.887,3.1709999999999998,3.427,3.7120000000000002,3.8639999999999999,4.1059999999999999,4.2690000000000001,4.4390000000000001,4.6059999999999999,4.7690000000000001,4.9210000000000003,5.0650000000000004,5.1989999999999998,5.274,5.3529999999999998,5.4619999999999997,5.5250000000000004,5.5960000000000001,5.6790000000000003,5.7370000000000001,5.7519999999999998,5.7759999999999998,5.8170000000000002,5.8529999999999998,5.9089999999999998,5.9240000000000004,5.9580000000000002,5.9610000000000003,5.9870000000000001,6.0069999999999997,6.0090000000000003,6.0339999999999998,6.0750000000000002,6.0289999999999999,6.0659999999999998,6.0469999999999997,6.0519999999999996
H,4,Sample X88,0.035,0.022,0.018,0.024,0.024,0.032,0.034,0.038,0.058,0.073,0.104,0.161,0.23499999999999999,0.34699999999999998,0.51900000000000002,0.73599999999999999,1.077,1.4870000000000001,2.0339999999999998,2.641,3.0920000000000001,3.5019999999999998,3.8149999999999999,4.0209999999999999,4.25,4.4320000000000004,4.5750000000000002,4.7450000000000001,4.8620000000000001,4.9779999999999998,5.0869999999999997,5.1619999999999999,5.3120000000000003,5.37,5.4640000000000004,5.55,5.569,5.6139999999999999,5.6639999999999997,5.6829999999999998,5.74,5.7610000000000001,5.7720000000000002,5.8390000000000004,5.8440000000000003,5.8819999999999997,5.8849999999999998,5.9050000000000002,5.9009999999999998,5.9219999999999997,5.9139999999999997,5.9640000000000004,5.9859999999999998,5.9880000000000004,6.0780000000000003,6.032,6.0490000000000004,6.0369999999999999,6.0979999999999999,6.1130000000000004,6.0839999999999996,6.1219999999999999,6.1180000000000003,6.1630000000000003
H,5,Sample X89,0.012,0.005,-0.003,0.002,0.002,0.003,0.000533,-0.001,-0.001,0.0004,0.005,0.007,0.011,0.021,0.033,0.053,0.082,0.125,0.189,0.28899999999999998,0.442,0.65900000000000003,0.94399999999999995,1.3280000000000001,1.7609999999999999,2.2669999999999999,2.786,3.1850000000000001,3.488,3.8010000000000002,4.069,4.274,4.484,4.59,4.72,4.8280000000000003,4.9359999999999999,5.0419999999999998,5.1390000000000002,5.2359999999999998,5.3179999999999996,5.37,5.43,5.5110000000000001,5.5460000000000003,5.5979999999999999,5.617,5.6559999999999997,5.6550000000000002,5.6929999999999996,5.72,5.7380000000000004,5.7329999999999997,5.7729999999999997,5.7830000000000004,5.7670000000000003,5.7889999999999997,5.8010000000000002,5.8550000000000004,5.8310000000000004,5.8330000000000002,5.8490000000000002,5.8419999999999996,5.8780000000000001
H,6,Sample X90,0.041,0.019,0.034,0.035,0.035,0.039,0.032,0.04,0.037,0.048,0.059,0.075,0.104,0.14699999999999999,0.21099999999999999,0.312,0.46100000000000002,0.64400000000000002,0.93899999999999995,1.292,1.746,2.2200000000000002,2.7010000000000001,3.0670000000000002,3.3420000000000001,3.621,3.786,4.056,4.2050000000000001,4.3310000000000004,4.4980000000000002,4.532,4.6740000000000004,4.7290000000000001,4.8010000000000002,4.8780000000000001,4.9059999999999997,4.95,4.976,5.0129999999999999,5.0170000000000003,5.0410000000000004,5.0439999999999996,5.0389999999999997,5.0389999999999997,5.0469999999999997,5.048,5.0410000000000004,5.0279999999999996,5.0270000000000001,5.05,5.0010000000000003,5.0529999999999999,4.9569999999999999,4.9480000000000004,4.9020000000000001,5.1050000000000004,5.093,4.9219999999999997,4.8719999999999999,4.8639999999999999,5.0810000000000004,4.78,4.7789999999999999
H,7,Sample X91,0.023,0.019,0.013,0.017,0.018,0.017,0.016,0.011,0.013,0.014,0.014,0.016,0.014,0.016,0.016,0.018,0.022,0.02,0.021,0.025,0.028,0.039,0.045,0.056,0.073,0.091,0.11899999999999999,0.153,0.19700000000000001,0.253,0.33300000000000002,0.41499999999999998,0.54800000000000004,0.69199999999999995,0.88,1.101,1.3320000000000001,1.569,1.8460000000000001,2.1869999999999998,2.5310000000000001,2.8290000000000002,3.0339999999999998,3.258,3.383,3.524,3.6970000000000001,3.8759999999999999,4.0359999999999996,4.2110000000000003,4.3650000000000002,4.53,4.6689999999999996,4.8109999999999999,4.9420000000000002,5.0549999999999997,5.1689999999999996,5.24,5.359,5.42,5.4669999999999996,5.5659999999999998,5.5759999999999996,5.6829999999999998
H,8,Sample X92,0.032,0.029,0.022,0.027,0.029,0.028,0.028,0.024,0.031,0.035,0.046,0.059,0.08,0.11600000000000001,0.16600000000000001,0.249,0.376,0.55000000000000004,0.81,1.143,1.577,2.101,2.6040000000000001,2.9769999999999999,3.4340000000000002,3.673,3.93,4.165,4.3639999999999999,4.4640000000000004,4.6139999999999999,4.6929999999999996,4.8739999999999997,4.9729999999999999,5.0999999999999996,5.1849999999999996,5.2560000000000002,5.3250000000000002,5.3719999999999999,5.4189999999999996,5.4669999999999996,5.4820000000000002,5.516,5.5510000000000002,5.5510000000000002,5.548,5.5810000000000004,5.5579999999999998,5.5670000000000002,5.5519999999999996,5.5839999999999996,5.5030000000000001,5.5190000000000001,5.6340000000000003,5.548,5.4779999999999998,5.5190000000000001,5.4640000000000004,5.617,5.4020000000000001,5.383,5.4130000000000003,5.3479999999999999,5.4269999999999996
H,9,Sample X93,0.024,0.018,0.009,0.014,0.014,0.014,0.012,0.011,0.011,0.01,0.013,0.011,0.011,0.012,0.014,0.015,0.02,0.018,0.021,0.025,0.027,0.036,0.04,0.052,0.07,0.091,0.11600000000000001,0.151,0.193,0.251,0.32500000000000001,0.41,0.53300000000000003,0.68200000000000005,0.871,1.1040000000000001,1.3420000000000001,1.585,1.8520000000000001,2.1829999999999998,2.5830000000000002,2.8570000000000002,3.077,3.306,3.4510000000000001,3.5960000000000001,3.7839999999999998,3.9630000000000001,4.1289999999999996,4.298,4.4690000000000003,4.6219999999999999,4.766,4.9169999999999998,5.0419999999999998,5.1340000000000003,5.2640000000000002,5.3380000000000001,5.4489999999999998,5.5259999999999998,5.5670000000000002,5.6520000000000001,5.6829999999999998,5.7539999999999996
